Sample in Buffer,Sample in Window,TRIGGER,main_level/cc_block_inst/Channel_Y_CC_AXI_Master/s_axis_data_tdata[31:0],main_level/cc_block_inst/Channel_X_CC_AXI_Master/s_axis_data_tdata[31:0],main_level/cmd/COMM_READ_CONT_inst/current_state[3:0],main_level/trigger_fft_inst/TRIGGER_DETECT_inst/FFT_index[7:0],main_level/trigger_fft_inst/TRIGGER_DETECT_inst/val_to_compare[15:0],main_level/ADC_Channel_1[9:0],main_level/data_ready,main_level/trigger_fft_inst/fft_m_axis_data_tvalid,main_level/cmd/COMM_READ_CONT_inst/Rx_Ready,main_level/cmd/Timeout,main_level/trigger_fft_inst/TRIGGER_DETECT_inst/Trigger,main_level/cc_block_inst/Channel_X_CC_AXI_Master/s_axis_data_tvalid,main_level/cc_block_inst/Channel_Y_CC_AXI_Master/s_axis_data_tvalid
Radix - UNSIGNED,UNSIGNED,UNSIGNED,HEX,HEX,HEX,UNSIGNED,UNSIGNED,UNSIGNED,HEX,HEX,HEX,HEX,HEX,HEX,HEX
0,0,0,00000200,00000200,0,48,16,4,0,0,0,0,0,0,0
1,1,0,00000200,00000200,0,48,16,4,0,0,0,0,0,0,0
2,2,0,00000200,00000200,0,48,16,4,0,0,0,0,0,0,0
3,3,0,00000200,00000200,0,48,16,4,0,0,0,0,0,0,0
4,4,0,00000200,00000200,0,48,16,4,0,0,0,0,0,0,0
5,5,0,00000200,00000200,0,48,16,4,0,0,0,0,0,0,0
6,6,0,00000200,00000200,0,48,16,4,0,0,0,0,0,0,0
7,7,0,00000200,00000200,0,48,16,4,0,0,0,0,0,0,0
8,8,0,00000200,00000200,0,48,16,4,0,0,0,0,0,0,0
9,9,0,00000200,00000200,0,48,16,4,0,0,0,0,0,0,0
10,10,0,00000200,00000200,0,48,16,4,0,0,0,0,0,0,0
11,11,0,00000200,00000200,0,48,16,4,0,0,0,0,0,0,0
12,12,0,00000200,00000200,0,48,16,4,0,0,0,0,0,0,0
13,13,0,00000200,00000200,0,48,16,4,0,0,0,0,0,0,0
14,14,0,00000200,00000200,0,48,16,4,0,0,0,0,0,0,0
15,15,0,00000200,00000200,0,48,16,4,0,0,0,0,0,0,0
16,16,0,00000200,00000200,0,48,16,4,0,0,0,0,0,0,0
17,17,0,00000200,00000200,0,48,16,4,0,0,0,0,0,0,0
18,18,0,00000200,00000200,0,48,16,4,0,0,0,0,0,0,0
19,19,0,00000200,00000200,0,48,16,4,0,0,0,0,0,0,0
20,20,0,00000200,00000200,0,48,16,4,0,0,0,0,0,0,0
21,21,0,00000200,00000200,0,48,16,4,0,0,0,0,0,0,0
22,22,0,00000200,00000200,0,48,16,4,0,0,0,0,0,0,0
23,23,0,00000200,00000200,0,48,16,654,1,0,0,0,0,0,0
24,24,0,00000200,00000200,0,48,16,654,0,0,0,0,0,0,0
25,25,0,00000200,00000200,0,48,16,654,0,0,0,0,0,0,0
26,26,0,00000200,00000200,0,48,16,654,0,0,0,0,0,0,0
27,27,0,00000200,00000200,0,48,16,654,0,0,0,0,0,0,0
28,28,0,00000200,00000200,0,48,16,654,0,0,0,0,0,0,0
29,29,0,00000200,00000200,0,48,16,654,0,0,0,0,0,0,0
30,30,0,00000200,00000200,0,48,16,654,0,0,0,0,0,0,0
31,31,0,00000200,00000200,0,48,16,654,0,0,0,0,0,0,0
32,32,0,00000200,00000200,0,48,16,654,0,0,0,0,0,0,0
33,33,0,00000200,00000200,0,48,16,654,0,0,0,0,0,0,0
34,34,0,00000200,00000200,0,48,16,654,0,0,0,0,0,0,0
35,35,0,00000200,00000200,0,48,16,654,0,0,0,0,0,0,0
36,36,0,00000200,00000200,0,48,16,654,0,0,0,0,0,0,0
37,37,0,00000200,00000200,0,48,16,654,0,0,0,0,0,0,0
38,38,0,00000200,00000200,0,48,16,654,0,0,0,0,0,0,0
39,39,0,00000200,00000200,0,48,16,654,0,0,0,0,0,0,0
40,40,0,00000200,00000200,0,48,16,654,0,0,0,0,0,0,0
41,41,0,00000200,00000200,0,48,16,654,0,0,0,0,0,0,0
42,42,0,00000200,00000200,0,48,16,654,0,0,0,0,0,0,0
43,43,0,00000200,00000200,0,48,16,654,0,0,0,0,0,0,0
44,44,0,00000200,00000200,0,48,16,654,0,0,0,0,0,0,0
45,45,0,00000200,00000200,0,48,16,654,0,0,0,0,0,0,0
46,46,0,00000200,00000200,0,48,16,654,0,0,0,0,0,0,0
47,47,0,00000200,00000200,0,48,16,654,0,0,0,0,0,0,0
48,48,0,00000200,00000200,0,48,16,654,0,0,0,0,0,0,0
49,49,0,00000200,00000200,0,48,16,654,0,0,0,0,0,0,0
50,50,0,00000200,00000200,0,48,16,654,0,0,0,0,0,0,0
51,51,0,00000200,00000200,0,48,16,654,0,0,0,0,0,0,0
52,52,0,00000200,00000200,0,48,16,654,0,0,0,0,0,0,0
53,53,0,00000200,00000200,0,48,16,654,0,0,0,0,0,0,0
54,54,0,00000200,00000200,0,48,16,654,0,0,0,0,0,0,0
55,55,0,00000200,00000200,0,48,16,654,0,0,0,0,0,0,0
56,56,0,00000200,00000200,0,48,16,654,0,0,0,0,0,0,0
57,57,0,00000200,00000200,0,48,16,654,0,0,0,0,0,0,0
58,58,0,00000200,00000200,0,48,16,654,0,0,0,0,0,0,0
59,59,0,00000200,00000200,0,48,16,654,0,0,0,0,0,0,0
60,60,0,00000200,00000200,0,48,16,654,0,0,0,0,0,0,0
61,61,0,00000200,00000200,0,48,16,654,0,0,0,0,0,0,0
62,62,0,00000200,00000200,0,48,16,654,0,0,0,0,0,0,0
63,63,0,00000200,00000200,0,48,16,654,0,0,0,0,0,0,0
64,64,0,00000200,00000200,0,48,16,654,0,0,0,0,0,0,0
65,65,0,00000200,00000200,0,48,16,654,0,0,0,0,0,0,0
66,66,0,00000200,00000200,0,48,16,654,0,0,0,0,0,0,0
67,67,0,00000200,00000200,0,48,16,654,0,0,0,0,0,0,0
68,68,0,00000200,00000200,0,48,16,654,0,0,0,0,0,0,0
69,69,0,00000200,00000200,0,48,16,654,0,0,0,0,0,0,0
70,70,0,00000200,00000200,0,48,16,654,0,0,0,0,0,0,0
71,71,0,00000200,00000200,0,48,16,654,0,0,0,0,0,0,0
72,72,0,00000200,00000200,0,48,16,654,0,0,0,0,0,0,0
73,73,0,00000200,00000200,0,48,16,654,0,0,0,0,0,0,0
74,74,0,00000200,00000200,0,48,16,654,0,0,0,0,0,0,0
75,75,0,00000200,00000200,0,48,16,654,0,0,0,0,0,0,0
76,76,0,00000200,00000200,0,48,16,654,0,0,0,0,0,0,0
77,77,0,00000200,00000200,0,48,16,654,0,0,0,0,0,0,0
78,78,0,00000200,00000200,0,48,16,654,0,0,0,0,0,0,0
79,79,0,00000200,00000200,0,48,16,654,0,0,0,0,0,0,0
80,80,0,00000200,00000200,0,48,16,654,0,0,0,0,0,0,0
81,81,0,00000200,00000200,0,48,16,654,0,0,0,0,0,0,0
82,82,0,00000200,00000200,0,48,16,654,0,0,0,0,0,0,0
83,83,0,00000200,00000200,0,48,16,654,0,0,0,0,0,0,0
84,84,0,00000200,00000200,0,48,16,654,0,0,0,0,0,0,0
85,85,0,00000200,00000200,0,48,16,654,0,0,0,0,0,0,0
86,86,0,00000200,00000200,0,48,16,654,0,0,0,0,0,0,0
87,87,0,00000200,00000200,0,48,16,654,0,0,0,0,0,0,0
88,88,0,00000200,00000200,0,48,16,654,0,0,0,0,0,0,0
89,89,0,00000200,00000200,0,48,16,654,0,0,0,0,0,0,0
90,90,0,00000200,00000200,0,48,16,654,0,0,0,0,0,0,0
91,91,0,00000200,00000200,0,48,16,654,0,0,0,0,0,0,0
92,92,0,00000200,00000200,0,48,16,654,0,0,0,0,0,0,0
93,93,0,00000200,00000200,0,48,16,654,0,0,0,0,0,0,0
94,94,0,00000200,00000200,0,48,16,654,0,0,0,0,0,0,0
95,95,0,00000200,00000200,0,48,16,654,0,0,0,0,0,0,0
96,96,0,00000200,00000200,0,48,16,654,0,0,0,0,0,0,0
97,97,0,00000200,00000200,0,48,16,654,0,0,0,0,0,0,0
98,98,0,00000200,00000200,0,48,16,654,0,0,0,0,0,0,0
99,99,0,00000200,00000200,0,48,16,654,0,0,0,0,0,0,0
100,100,0,00000200,00000200,0,48,16,654,0,0,0,0,0,0,0
101,101,0,00000200,00000200,0,48,16,654,0,0,0,0,0,0,0
102,102,0,00000200,00000200,0,48,16,654,0,0,0,0,0,0,0
103,103,0,00000200,00000200,0,48,16,654,0,0,0,0,0,0,0
104,104,0,00000200,00000200,0,48,16,654,0,0,0,0,0,0,0
105,105,0,00000200,00000200,0,48,16,654,0,0,0,0,0,0,0
106,106,0,00000200,00000200,0,48,16,654,0,0,0,0,0,0,0
107,107,0,00000200,00000200,0,48,16,654,0,0,0,0,0,0,0
108,108,0,00000200,00000200,0,48,16,654,0,0,0,0,0,0,0
109,109,0,00000200,00000200,0,48,16,654,0,0,0,0,0,0,0
110,110,0,00000200,00000200,0,48,16,654,0,0,0,0,0,0,0
111,111,0,00000200,00000200,0,48,16,654,0,0,0,0,0,0,0
112,112,0,00000200,00000200,0,48,16,654,0,0,0,0,0,0,0
113,113,0,00000200,00000200,0,48,16,654,0,0,0,0,0,0,0
114,114,0,00000200,00000200,0,48,16,654,0,0,0,0,0,0,0
115,115,0,00000200,00000200,0,48,16,654,0,0,0,0,0,0,0
116,116,0,00000200,00000200,0,48,16,654,0,0,0,0,0,0,0
117,117,0,00000200,00000200,0,48,16,654,0,0,0,0,0,0,0
118,118,0,00000200,00000200,0,48,16,654,0,0,0,0,0,0,0
119,119,0,00000200,00000200,0,48,16,654,0,0,0,0,0,0,0
120,120,0,00000200,00000200,0,48,16,654,0,0,0,0,0,0,0
121,121,0,00000200,00000200,0,48,16,654,0,0,0,0,0,0,0
122,122,0,00000200,00000200,0,48,16,654,0,0,0,0,0,0,0
123,123,0,00000200,00000200,0,48,16,654,0,0,0,0,0,0,0
124,124,0,00000200,00000200,0,48,16,654,0,0,0,0,0,0,0
125,125,0,00000200,00000200,0,48,16,654,0,0,0,0,0,0,0
126,126,0,00000200,00000200,0,48,16,654,0,0,0,0,0,0,0
127,127,0,00000200,00000200,0,48,16,654,0,0,0,0,0,0,0
128,128,0,00000200,00000200,0,48,16,654,0,0,0,0,0,0,0
129,129,0,00000200,00000200,0,48,16,654,0,0,0,0,0,0,0
130,130,0,00000200,00000200,0,48,16,654,0,0,0,0,0,0,0
131,131,0,00000200,00000200,0,48,16,654,0,0,0,0,0,0,0
132,132,0,00000200,00000200,0,48,16,654,0,0,0,0,0,0,0
133,133,0,00000200,00000200,0,48,16,654,0,0,0,0,0,0,0
134,134,0,00000200,00000200,0,48,16,654,0,0,0,0,0,0,0
135,135,0,00000200,00000200,0,48,16,654,0,0,0,0,0,0,0
136,136,0,00000200,00000200,0,48,16,654,0,0,0,0,0,0,0
137,137,0,00000200,00000200,0,48,16,654,0,0,0,0,0,0,0
138,138,0,00000200,00000200,0,48,16,654,0,0,0,0,0,0,0
139,139,0,00000200,00000200,0,48,16,654,0,0,0,0,0,0,0
140,140,0,00000200,00000200,0,48,16,654,0,0,0,0,0,0,0
141,141,0,00000200,00000200,0,48,16,654,0,0,0,0,0,0,0
142,142,0,00000200,00000200,0,48,16,654,0,0,0,0,0,0,0
143,143,0,00000200,00000200,0,48,16,654,0,0,0,0,0,0,0
144,144,0,00000200,00000200,0,48,16,654,0,0,0,0,0,0,0
145,145,0,00000200,00000200,0,48,16,654,0,0,0,0,0,0,0
146,146,0,00000200,00000200,0,48,16,654,0,0,0,0,0,0,0
147,147,0,00000200,00000200,0,48,16,654,0,0,0,0,0,0,0
148,148,0,00000200,00000200,0,48,16,654,0,0,0,0,0,0,0
149,149,0,00000200,00000200,0,48,16,654,0,0,0,0,0,0,0
150,150,0,00000200,00000200,0,48,16,654,0,0,0,0,0,0,0
151,151,0,00000200,00000200,0,48,16,654,0,0,0,0,0,0,0
152,152,0,00000200,00000200,0,48,16,654,0,0,0,0,0,0,0
153,153,0,00000200,00000200,0,48,16,654,0,0,0,0,0,0,0
154,154,0,00000200,00000200,0,48,16,654,0,0,0,0,0,0,0
155,155,0,00000200,00000200,0,48,16,654,0,0,0,0,0,0,0
156,156,0,00000200,00000200,0,48,16,654,0,0,0,0,0,0,0
157,157,0,00000200,00000200,0,48,16,654,0,0,0,0,0,0,0
158,158,0,00000200,00000200,0,48,16,654,0,0,0,0,0,0,0
159,159,0,00000200,00000200,0,48,16,654,0,0,0,0,0,0,0
160,160,0,00000200,00000200,0,48,16,654,0,0,0,0,0,0,0
161,161,0,00000200,00000200,0,48,16,654,0,0,0,0,0,0,0
162,162,0,00000200,00000200,0,48,16,654,0,0,0,0,0,0,0
163,163,0,00000200,00000200,0,48,16,654,0,0,0,0,0,0,0
164,164,0,00000200,00000200,0,48,16,654,0,0,0,0,0,0,0
165,165,0,00000200,00000200,0,48,16,654,0,0,0,0,0,0,0
166,166,0,00000200,00000200,0,48,16,654,0,0,0,0,0,0,0
167,167,0,00000200,00000200,0,48,16,654,0,0,0,0,0,0,0
168,168,0,00000200,00000200,0,48,16,654,0,0,0,0,0,0,0
169,169,0,00000200,00000200,0,48,16,654,0,0,0,0,0,0,0
170,170,0,00000200,00000200,0,48,16,654,0,0,0,0,0,0,0
171,171,0,00000200,00000200,0,48,16,654,0,0,0,0,0,0,0
172,172,0,00000200,00000200,0,48,16,654,0,0,0,0,0,0,0
173,173,0,00000200,00000200,0,48,16,654,0,0,0,0,0,0,0
174,174,0,00000200,00000200,0,48,16,654,0,0,0,0,0,0,0
175,175,0,00000200,00000200,0,48,16,654,0,0,0,0,0,0,0
176,176,0,00000200,00000200,0,48,16,654,0,0,0,0,0,0,0
177,177,0,00000200,00000200,0,48,16,654,0,0,0,0,0,0,0
178,178,0,00000200,00000200,0,48,16,654,0,0,0,0,0,0,0
179,179,0,00000200,00000200,0,48,16,654,0,0,0,0,0,0,0
180,180,0,00000200,00000200,0,48,16,654,0,0,0,0,0,0,0
181,181,0,00000200,00000200,0,48,16,654,0,0,0,0,0,0,0
182,182,0,00000200,00000200,0,48,16,654,0,0,0,0,0,0,0
183,183,0,00000200,00000200,0,48,16,654,0,0,0,0,0,0,0
184,184,0,00000200,00000200,0,48,16,654,0,0,0,0,0,0,0
185,185,0,00000200,00000200,0,48,16,654,0,0,0,0,0,0,0
186,186,0,00000200,00000200,0,48,16,654,0,0,0,0,0,0,0
187,187,0,00000200,00000200,0,48,16,654,0,0,0,0,0,0,0
188,188,0,00000200,00000200,0,48,16,654,0,0,0,0,0,0,0
189,189,0,00000200,00000200,0,48,16,654,0,0,0,0,0,0,0
190,190,0,00000200,00000200,0,48,16,654,0,0,0,0,0,0,0
191,191,0,00000200,00000200,0,48,16,654,0,0,0,0,0,0,0
192,192,0,00000200,00000200,0,48,16,654,0,0,0,0,0,0,0
193,193,0,00000200,00000200,0,48,16,654,0,0,0,0,0,0,0
194,194,0,00000200,00000200,0,48,16,654,0,0,0,0,0,0,0
195,195,0,00000200,00000200,0,48,16,654,0,0,0,0,0,0,0
196,196,0,00000200,00000200,0,48,16,654,0,0,0,0,0,0,0
197,197,0,00000200,00000200,0,48,16,654,0,0,0,0,0,0,0
198,198,0,00000200,00000200,0,48,16,654,0,0,0,0,0,0,0
199,199,0,00000200,00000200,0,48,16,654,0,0,0,0,0,0,0
200,200,0,00000200,00000200,0,48,16,654,0,0,0,0,0,0,0
201,201,0,00000200,00000200,0,48,16,654,0,0,0,0,0,0,0
202,202,0,00000200,00000200,0,48,16,654,0,0,0,0,0,0,0
203,203,0,00000200,00000200,0,48,16,654,0,0,0,0,0,0,0
204,204,0,00000200,00000200,0,48,16,654,0,0,0,0,0,0,0
205,205,0,00000200,00000200,0,48,16,654,0,0,0,0,0,0,0
206,206,0,00000200,00000200,0,48,16,654,0,0,0,0,0,0,0
207,207,0,00000200,00000200,0,48,16,654,0,0,0,0,0,0,0
208,208,0,00000200,00000200,0,48,16,654,0,0,0,0,0,0,0
209,209,0,00000200,00000200,0,48,16,654,0,0,0,0,0,0,0
210,210,0,00000200,00000200,0,48,16,654,0,0,0,0,0,0,0
211,211,0,00000200,00000200,0,48,16,654,0,0,0,0,0,0,0
212,212,0,00000200,00000200,0,48,16,654,0,0,0,0,0,0,0
213,213,0,00000200,00000200,0,48,16,654,0,0,0,0,0,0,0
214,214,0,00000200,00000200,0,48,16,654,0,0,0,0,0,0,0
215,215,0,00000200,00000200,0,48,16,654,0,0,0,0,0,0,0
216,216,0,00000200,00000200,0,48,16,654,0,0,0,0,0,0,0
217,217,0,00000200,00000200,0,48,16,654,0,0,0,0,0,0,0
218,218,0,00000200,00000200,0,48,16,654,0,0,0,0,0,0,0
219,219,0,00000200,00000200,0,48,16,654,0,0,0,0,0,0,0
220,220,0,00000200,00000200,0,48,16,654,0,0,0,0,0,0,0
221,221,0,00000200,00000200,0,48,16,654,0,0,0,0,0,0,0
222,222,0,00000200,00000200,0,48,16,654,0,0,0,0,0,0,0
223,223,0,00000200,00000200,0,48,16,654,0,0,0,0,0,0,0
224,224,0,00000200,00000200,0,48,16,654,0,0,0,0,0,0,0
225,225,0,00000200,00000200,0,48,16,654,0,0,0,0,0,0,0
226,226,0,00000200,00000200,0,48,16,654,0,0,0,0,0,0,0
227,227,0,00000200,00000200,0,48,16,654,0,0,0,0,0,0,0
228,228,0,00000200,00000200,0,48,16,654,0,0,0,0,0,0,0
229,229,0,00000200,00000200,0,48,16,654,0,0,0,0,0,0,0
230,230,0,00000200,00000200,0,48,16,654,0,0,0,0,0,0,0
231,231,0,00000200,00000200,0,48,16,654,0,0,0,0,0,0,0
232,232,0,00000200,00000200,0,48,16,654,0,0,0,0,0,0,0
233,233,0,00000200,00000200,0,48,16,654,0,0,0,0,0,0,0
234,234,0,00000200,00000200,0,48,16,654,0,0,0,0,0,0,0
235,235,0,00000200,00000200,0,48,16,654,0,0,0,0,0,0,0
236,236,0,00000200,00000200,0,48,16,654,0,0,0,0,0,0,0
237,237,0,00000200,00000200,0,48,16,654,0,0,0,0,0,0,0
238,238,0,00000200,00000200,0,48,16,654,0,0,0,0,0,0,0
239,239,0,00000200,00000200,0,0,233,654,0,1,0,0,0,0,0
240,240,0,00000200,00000200,0,1,6,654,0,1,0,0,0,0,0
241,241,0,00000200,00000200,0,2,4,654,0,1,0,0,0,0,0
242,242,0,00000200,00000200,0,3,3,654,0,1,0,0,0,0,0
243,243,0,00000200,00000200,0,4,2,654,0,1,0,0,0,0,0
244,244,0,00000200,00000200,0,5,2,654,0,1,0,0,0,0,0
245,245,0,00000200,00000200,0,6,4,654,0,1,0,0,0,0,0
246,246,0,00000200,00000200,0,7,6,654,0,1,0,0,0,0,0
247,247,0,00000200,00000200,0,8,6,992,1,1,0,0,0,0,0
248,248,0,00000200,00000200,0,9,3,992,0,1,0,0,0,0,0
249,249,0,00000200,00000200,0,10,1,992,0,1,0,0,0,0,0
250,250,0,00000200,00000200,0,11,3,992,0,1,0,0,0,0,0
251,251,0,00000200,00000200,0,12,10,992,0,1,0,0,0,0,0
252,252,0,00000200,00000200,0,13,18,992,0,1,0,0,0,0,0
253,253,0,00000200,00000200,0,14,12,992,0,1,0,0,0,0,0
254,254,0,00000200,00000200,0,15,9,992,0,1,0,0,0,0,0
255,255,0,00000200,00000200,0,16,22,992,0,1,0,0,0,0,0
256,256,1,00000200,00000200,0,17,27,992,0,1,0,0,1,0,0
257,257,0,00000200,00000200,0,18,18,992,0,1,0,0,0,0,0
258,258,0,00000200,00000200,0,19,9,992,0,1,0,0,0,0,0
259,259,0,00000200,00000200,0,20,5,992,0,1,0,0,0,1,1
260,260,0,00000200,00000200,0,21,1,992,0,1,0,0,0,1,1
261,261,0,00000200,00000200,0,22,2,992,0,1,0,0,0,1,1
262,262,0,000001fd,00000200,0,23,2,992,0,1,0,0,0,1,1
263,263,0,000001f8,00000200,0,24,7,992,0,1,0,0,0,1,1
264,264,0,000001f0,00000200,0,25,5,992,0,1,0,0,0,1,1
265,265,0,000001e9,00000200,0,26,4,992,0,1,0,0,0,1,1
266,266,0,000001e4,00000200,0,27,5,992,0,1,0,0,0,1,1
267,267,0,000001e6,00000200,0,28,1,992,0,1,0,0,0,1,1
268,268,0,000001ee,00000200,0,29,6,992,0,1,0,0,0,1,1
269,269,0,000001fa,00000200,0,30,3,992,0,1,0,0,0,1,1
270,270,0,00000206,00000200,0,31,1,992,0,1,0,0,0,1,1
271,271,0,0000020d,00000200,0,32,3,992,0,1,0,0,0,1,1
272,272,0,0000020e,00000200,0,33,1,992,0,1,0,0,0,1,1
273,273,0,00000208,00000200,0,34,3,992,0,1,0,0,0,1,1
274,274,0,000001fd,00000200,0,35,5,992,0,1,0,0,0,1,1
275,275,0,000001f1,00000200,0,36,1,992,0,1,0,0,0,1,1
276,276,0,000001e8,00000200,0,37,5,992,0,1,0,0,0,1,1
277,277,0,000001e6,00000200,0,38,4,992,0,1,0,0,0,1,1
278,278,0,000001e9,00000200,0,39,5,992,0,1,0,0,0,1,1
279,279,0,000001f1,00000200,0,40,7,992,0,1,0,0,0,1,1
280,280,0,000001fc,00000200,0,41,2,992,0,1,0,0,0,1,1
281,281,0,00000205,00000200,0,42,3,992,0,1,0,0,0,1,1
282,282,0,0000020c,00000200,0,43,1,992,0,1,0,0,0,1,1
283,283,0,0000020c,00000200,0,44,5,992,0,1,0,0,0,1,1
284,284,0,00000208,00000200,0,45,9,992,0,1,0,0,0,1,1
285,285,0,000001ff,00000200,0,46,18,992,0,1,0,0,0,1,1
286,286,0,000001f7,00000200,0,47,28,992,0,1,0,0,0,1,1
287,287,0,000001f1,00000200,0,48,22,992,0,1,0,0,0,1,1
288,288,0,000001ed,00000200,0,49,8,992,0,1,0,0,0,1,1
289,289,0,000001ee,00000200,0,50,13,992,0,1,0,0,0,1,1
290,290,0,000001f1,00000200,0,51,18,992,0,1,0,0,0,1,1
291,291,0,000001f7,00000200,0,52,11,992,0,1,0,0,0,1,1
292,292,0,000001fb,00000200,0,53,3,992,0,1,0,0,0,1,1
293,293,0,000001fc,00000200,0,54,1,992,0,1,0,0,0,1,1
294,294,0,000001fa,00000200,0,55,4,992,0,1,0,0,0,1,1
295,295,0,000001f6,00000200,0,56,6,992,0,1,0,0,0,1,1
296,296,0,000001f3,00000200,0,57,6,992,0,1,0,0,0,1,1
297,297,0,000001f3,00000200,0,58,4,992,0,1,0,0,0,1,1
298,298,0,000001f5,00000200,0,59,3,992,0,1,0,0,0,1,1
299,299,0,000001fa,00000200,0,60,2,992,0,1,0,0,0,1,1
300,300,0,00000200,00000200,0,61,4,992,0,1,0,0,0,1,1
301,301,0,00000204,00000200,0,62,5,992,0,1,0,0,0,1,1
302,302,0,00000206,00000200,0,63,7,992,0,1,0,0,0,1,1
303,303,0,00000202,00000200,0,48,22,992,0,0,0,0,0,1,1
304,304,0,000001fb,00000200,0,48,22,992,0,0,0,0,0,1,1
305,305,0,000001f3,00000200,0,48,22,992,0,0,0,0,0,1,1
306,306,0,000001ed,00000200,0,48,22,992,0,0,0,0,0,1,1
307,307,0,000001eb,00000200,0,48,22,992,0,0,0,0,0,1,1
308,308,0,000001ed,00000200,0,48,22,992,0,0,0,0,0,1,1
309,309,0,000001f3,00000200,0,48,22,992,0,0,0,0,0,1,1
310,310,0,000001f9,00000200,0,48,22,992,0,0,0,0,0,1,1
311,311,0,000001ff,00000200,0,48,22,992,0,0,0,0,0,1,1
312,312,0,00000203,00000200,0,48,22,992,0,0,0,0,0,1,1
313,313,0,00000205,00000200,0,48,22,992,0,0,0,0,0,1,1
314,314,0,00000204,00000200,0,48,22,992,0,0,0,0,0,1,1
315,315,0,00000200,00000200,0,48,22,992,0,0,0,0,0,1,1
316,316,0,000001fc,00000200,0,48,22,992,0,0,0,0,0,1,1
317,317,0,000001f9,00000200,0,48,22,992,0,0,0,0,0,1,1
318,318,0,000001f6,00000200,0,48,22,992,0,0,0,0,0,1,1
319,319,0,000001f5,00000200,0,48,22,992,0,0,0,0,0,1,1
320,320,0,000001f3,00000200,0,48,22,992,0,0,0,0,0,1,1
321,321,0,000001f1,00000200,0,48,22,992,0,0,0,0,0,1,1
322,322,0,000001ef,00000200,0,48,22,992,0,0,0,0,0,1,1
323,323,0,000001ec,00000200,0,48,22,992,0,0,0,0,0,1,1
324,324,0,000001eb,00000200,0,48,22,992,0,0,0,0,0,1,1
325,325,0,000001ea,00000200,0,48,22,992,0,0,0,0,0,1,1
326,326,0,000001ed,00000200,0,48,22,992,0,0,0,0,0,1,1
327,327,0,000001f4,00000200,0,48,22,992,0,0,0,0,0,1,1
328,328,0,000001fe,00000200,0,48,22,992,0,0,0,0,0,1,1
329,329,0,00000209,00000200,0,48,22,992,0,0,0,0,0,1,1
330,330,0,00000212,00000200,0,48,22,992,0,0,0,0,0,1,1
331,331,0,00000219,00000200,0,48,22,992,0,0,0,0,0,1,1
332,332,0,0000021b,00000200,0,48,22,992,0,0,0,0,0,1,1
333,333,0,00000216,00000200,0,48,22,992,0,0,0,0,0,1,1
334,334,0,00000209,00000200,0,48,22,992,0,0,0,0,0,1,1
335,335,0,000001f9,00000200,0,48,22,992,0,0,0,0,0,1,1
336,336,0,000001e9,00000200,0,48,22,992,0,0,0,0,0,1,1
337,337,0,000001dc,00000200,0,48,22,992,0,0,0,0,0,1,1
338,338,0,000001d5,00000200,0,48,22,992,0,0,0,0,0,1,1
339,339,0,000001d5,00000200,0,48,22,992,0,0,0,0,0,1,1
340,340,0,000001dc,00000200,0,48,22,992,0,0,0,0,0,1,1
341,341,0,000001e8,00000200,0,48,22,992,0,0,0,0,0,1,1
342,342,0,000001f4,00000200,0,48,22,992,0,0,0,0,0,1,1
343,343,0,000001fe,00000200,0,48,22,992,0,0,0,0,0,1,1
344,344,0,00000204,00000200,0,48,22,992,0,0,0,0,0,1,1
345,345,0,00000207,00000200,0,48,22,992,0,0,0,0,0,1,1
346,346,0,00000209,00000200,0,48,22,992,0,0,0,0,0,1,1
347,347,0,0000020a,00000200,0,48,22,992,0,0,0,0,0,1,1
348,348,0,0000020c,00000200,0,48,22,992,0,0,0,0,0,1,1
349,349,0,0000020c,00000200,0,48,22,992,0,0,0,0,0,1,1
350,350,0,0000020c,00000200,0,48,22,992,0,0,0,0,0,1,1
351,351,0,00000209,00000200,0,48,22,992,0,0,0,0,0,1,1
352,352,0,00000203,00000200,0,48,22,992,0,0,0,0,0,1,1
353,353,0,000001fa,00000200,0,48,22,992,0,0,0,0,0,1,1
354,354,0,000001ef,00000200,0,48,22,992,0,0,0,0,0,1,1
355,355,0,000001e5,00000200,0,48,22,992,0,0,0,0,0,1,1
356,356,0,000001de,00000200,0,48,22,992,0,0,0,0,0,1,1
357,357,0,000001dd,00000200,0,48,22,992,0,0,0,0,0,1,1
358,358,0,000001e2,00000200,0,48,22,992,0,0,0,0,0,1,1
359,359,0,000001ec,00000200,0,48,22,992,0,0,0,0,0,1,1
360,360,0,000001f8,00000200,0,48,22,992,0,0,0,0,0,1,1
361,361,0,00000203,00000200,0,48,22,992,0,0,0,0,0,1,1
362,362,0,00000209,00000200,0,48,22,992,0,0,0,0,0,1,1
363,363,0,0000020b,00000200,0,48,22,992,0,0,0,0,0,1,1
364,364,0,00000207,00000200,0,48,22,992,0,0,0,0,0,1,1
365,365,0,00000202,00000200,0,48,22,992,0,0,0,0,0,1,1
366,366,0,000001fd,00000200,0,48,22,992,0,0,0,0,0,1,1
367,367,0,000001fb,00000200,0,48,22,992,0,0,0,0,0,1,1
368,368,0,000001fa,00000200,0,48,22,992,0,0,0,0,0,1,1
369,369,0,000001fd,00000200,0,48,22,992,0,0,0,0,0,1,1
370,370,0,000001fe,00000200,0,48,22,992,0,0,0,0,0,1,1
371,371,0,000001fd,00000200,0,48,22,992,0,0,0,0,0,1,1
372,372,0,000001fa,00000200,0,48,22,992,0,0,0,0,0,1,1
373,373,0,000001f5,00000200,0,48,22,992,0,0,0,0,0,1,1
374,374,0,000001f0,00000200,0,48,22,992,0,0,0,0,0,1,1
375,375,0,000001ed,00000200,0,48,22,992,0,0,0,0,0,1,1
376,376,0,000001ee,00000200,0,48,22,992,0,0,0,0,0,1,1
377,377,0,000001f3,00000200,0,48,22,992,0,0,0,0,0,1,1
378,378,0,000001fa,00000200,0,48,22,992,0,0,0,0,0,1,1
379,379,0,00000202,00000200,0,48,22,992,0,0,0,0,0,1,1
380,380,0,00000209,00000200,0,48,22,992,0,0,0,0,0,1,1
381,381,0,0000020c,00000200,0,48,22,992,0,0,0,0,0,1,1
382,382,0,0000020a,00000200,0,48,22,992,0,0,0,0,0,1,1
383,383,0,00000203,00000200,0,48,22,992,0,0,0,0,0,1,1
384,384,0,000001fa,00000200,0,48,22,992,0,0,0,0,0,1,1
385,385,0,000001f1,00000200,0,48,22,992,0,0,0,0,0,1,1
386,386,0,000001eb,00000200,0,48,22,992,0,0,0,0,0,1,1
387,387,0,00000200,000001d6,0,48,22,992,0,0,0,0,0,0,0
388,388,0,00000200,000001d6,0,48,22,992,0,0,0,0,0,1,1
389,389,0,00000200,000001d6,0,48,22,992,0,0,0,0,0,1,1
390,390,0,00000200,000001d6,0,48,22,992,0,0,0,0,0,1,1
391,391,0,00000200,000001d0,0,48,22,992,0,0,0,0,0,1,1
392,392,0,00000200,000001c6,0,48,22,992,0,0,0,0,0,1,1
393,393,0,00000200,000001bb,0,48,22,992,0,0,0,0,0,1,1
394,394,0,00000200,000001b1,0,48,22,992,0,0,0,0,0,1,1
395,395,0,00000200,000001ad,0,48,22,992,0,0,0,0,0,1,1
396,396,0,00000200,000001b0,0,48,22,992,0,0,0,0,0,1,1
397,397,0,00000200,000001b8,0,48,22,992,0,0,0,0,0,1,1
398,398,0,00000200,000001c3,0,48,22,992,0,0,0,0,0,1,1
399,399,0,00000200,000001cd,0,48,22,992,0,0,0,0,0,1,1
400,400,0,00000200,000001d5,0,48,22,992,0,0,0,0,0,1,1
401,401,0,00000200,000001d6,0,48,22,992,0,0,0,0,0,1,1
402,402,0,00000200,000001d1,0,48,22,992,0,0,0,0,0,1,1
403,403,0,00000200,000001c6,0,48,22,992,0,0,0,0,0,1,1
404,404,0,00000200,000001bb,0,48,22,992,0,0,0,0,0,1,1
405,405,0,00000200,000001b4,0,48,22,992,0,0,0,0,0,1,1
406,406,0,00000200,000001b3,0,48,22,992,0,0,0,0,0,1,1
407,407,0,00000200,000001b9,0,48,22,992,0,0,0,0,0,1,1
408,408,0,00000200,000001c5,0,48,22,992,0,0,0,0,0,1,1
409,409,0,00000200,000001d1,0,48,22,992,0,0,0,0,0,1,1
410,410,0,00000200,000001db,0,48,22,992,0,0,0,0,0,1,1
411,411,0,00000200,000001df,0,48,22,992,0,0,0,0,0,1,1
412,412,0,00000200,000001dc,0,48,22,992,0,0,0,0,0,1,1
413,413,0,00000200,000001d2,0,48,22,992,0,0,0,0,0,1,1
414,414,0,00000200,000001c6,0,48,22,992,0,0,0,0,0,1,1
415,415,0,00000200,000001bb,0,48,22,992,0,0,0,0,0,1,1
416,416,0,00000200,000001b4,0,48,22,992,0,0,0,0,0,1,1
417,417,0,00000200,000001b4,0,48,22,992,0,0,0,0,0,1,1
418,418,0,00000200,000001b8,0,48,22,992,0,0,0,0,0,1,1
419,419,0,00000200,000001be,0,48,22,992,0,0,0,0,0,1,1
420,420,0,00000200,000001c5,0,48,22,992,0,0,0,0,0,1,1
421,421,0,00000200,000001ca,0,48,22,992,0,0,0,0,0,1,1
422,422,0,00000200,000001cb,0,48,22,992,0,0,0,0,0,1,1
423,423,0,00000200,000001c8,0,48,22,992,0,0,0,0,0,1,1
424,424,0,00000200,000001c3,0,48,22,992,0,0,0,0,0,1,1
425,425,0,00000200,000001c0,0,48,22,992,0,0,0,0,0,1,1
426,426,0,00000200,000001c0,0,48,22,992,0,0,0,0,0,1,1
427,427,0,00000200,000001c4,0,48,22,992,0,0,0,0,0,1,1
428,428,0,00000200,000001c9,0,48,22,992,0,0,0,0,0,1,1
429,429,0,00000200,000001cf,0,48,22,992,0,0,0,0,0,1,1
430,430,0,00000200,000001d2,0,48,22,992,0,0,0,0,0,1,1
431,431,0,00000200,000001d1,0,48,22,992,0,0,0,0,0,1,1
432,432,0,00000200,000001cd,0,48,22,992,0,0,0,0,0,1,1
433,433,0,00000200,000001c6,0,48,22,992,0,0,0,0,0,1,1
434,434,0,00000200,000001be,0,48,22,992,0,0,0,0,0,1,1
435,435,0,00000200,000001b9,0,48,22,992,0,0,0,0,0,1,1
436,436,0,00000200,000001b6,0,48,22,992,0,0,0,0,0,1,1
437,437,0,00000200,000001b7,0,48,22,992,0,0,0,0,0,1,1
438,438,0,00000200,000001bd,0,48,22,992,0,0,0,0,0,1,1
439,439,0,00000200,000001c4,0,48,22,992,0,0,0,0,0,1,1
440,440,0,00000200,000001cc,0,48,22,992,0,0,0,0,0,1,1
441,441,0,00000200,000001d1,0,48,22,992,0,0,0,0,0,1,1
442,442,0,00000200,000001d5,0,48,22,992,0,0,0,0,0,1,1
443,443,0,00000200,000001d5,0,48,22,992,0,0,0,0,0,1,1
444,444,0,00000200,000001d0,0,48,22,992,0,0,0,0,0,1,1
445,445,0,00000200,000001ca,0,48,22,992,0,0,0,0,0,1,1
446,446,0,00000200,000001c4,0,48,22,992,0,0,0,0,0,1,1
447,447,0,00000200,000001c0,0,48,22,992,0,0,0,0,0,1,1
448,448,0,00000200,000001be,0,48,22,992,0,0,0,0,0,1,1
449,449,0,00000200,000001bd,0,48,22,992,0,0,0,0,0,1,1
450,450,0,00000200,000001bd,0,48,22,992,0,0,0,0,0,1,1
451,451,0,00000200,000001bc,0,48,22,992,0,0,0,0,0,1,1
452,452,0,00000200,000001ba,0,48,22,992,0,0,0,0,0,1,1
453,453,0,00000200,000001b7,0,48,22,992,0,0,0,0,0,1,1
454,454,0,00000200,000001b6,0,48,22,992,0,0,0,0,0,1,1
455,455,0,00000200,000001b7,0,48,22,992,0,0,0,0,0,1,1
456,456,0,00000200,000001bc,0,48,22,992,0,0,0,0,0,1,1
457,457,0,00000200,000001c6,0,48,22,992,0,0,0,0,0,1,1
458,458,0,00000200,000001d3,0,48,22,992,0,0,0,0,0,1,1
459,459,0,00000200,000001e0,0,48,22,992,0,0,0,0,0,1,1
460,460,0,00000200,000001e9,0,48,22,992,0,0,0,0,0,1,1
461,461,0,00000200,000001ea,0,48,22,992,0,0,0,0,0,1,1
462,462,0,00000200,000001e3,0,48,22,992,0,0,0,0,0,1,1
463,463,0,00000200,000001d5,0,48,22,992,0,0,0,0,0,1,1
464,464,0,00000200,000001c3,0,48,22,992,0,0,0,0,0,1,1
465,465,0,00000200,000001b2,0,48,22,992,0,0,0,0,0,1,1
466,466,0,00000200,000001a7,0,48,22,992,0,0,0,0,0,1,1
467,467,0,00000200,000001a3,0,48,22,992,0,0,0,0,0,1,1
468,468,0,00000200,000001a5,0,48,22,992,0,0,0,0,0,1,1
469,469,0,00000200,000001ae,0,48,22,992,0,0,0,0,0,1,1
470,470,0,00000200,000001b8,0,48,22,992,0,0,0,0,0,1,1
471,471,0,00000200,000001c2,0,48,22,988,1,0,0,0,0,1,1
472,472,0,00000200,000001ca,0,48,22,988,0,0,0,0,0,1,1
473,473,0,00000200,000001d0,0,48,22,988,0,0,0,0,0,1,1
474,474,0,00000200,000001d3,0,48,22,988,0,0,0,0,0,1,1
475,475,0,00000200,000001d5,0,48,22,988,0,0,0,0,0,1,1
476,476,0,00000200,000001d6,0,48,22,988,0,0,0,0,0,1,1
477,477,0,00000200,000001d7,0,48,22,988,0,0,0,0,0,1,1
478,478,0,00000200,000001d7,0,48,22,988,0,0,0,0,0,1,1
479,479,0,00000200,000001d6,0,48,22,988,0,0,0,0,0,1,1
480,480,0,00000200,000001d2,0,48,22,988,0,0,0,0,0,1,1
481,481,0,00000200,000001c9,0,48,22,988,0,0,0,0,0,1,1
482,482,0,00000200,000001be,0,48,22,988,0,0,0,0,0,1,1
483,483,0,00000200,000001b3,0,48,22,988,0,0,0,0,0,1,1
484,484,0,00000200,000001a9,0,48,22,988,0,0,0,0,0,1,1
485,485,0,00000200,000001a4,0,48,22,988,0,0,0,0,0,1,1
486,486,0,00000200,000001a6,0,48,22,988,0,0,0,0,0,1,1
487,487,0,00000200,000001af,0,48,22,988,0,0,0,0,0,1,1
488,488,0,00000200,000001bd,0,48,22,988,0,0,0,0,0,1,1
489,489,0,00000200,000001cc,0,48,22,988,0,0,0,0,0,1,1
490,490,0,00000200,000001d9,0,48,22,988,0,0,0,0,0,1,1
491,491,0,00000200,000001e1,0,48,22,988,0,0,0,0,0,1,1
492,492,0,00000200,000001e0,0,48,22,988,0,0,0,0,0,1,1
493,493,0,00000200,000001da,0,48,22,988,0,0,0,0,0,1,1
494,494,0,00000200,000001d0,0,48,22,988,0,0,0,0,0,1,1
495,495,0,00000200,000001c7,0,48,22,988,0,0,0,0,0,1,1
496,496,0,00000200,000001c1,0,48,22,988,0,0,0,0,0,1,1
497,497,0,00000200,000001c0,0,48,22,988,0,0,0,0,0,1,1
498,498,0,00000200,000001c2,0,48,22,988,0,0,0,0,0,1,1
499,499,0,00000200,000001c6,0,48,22,988,0,0,0,0,0,1,1
500,500,0,00000200,000001c8,0,48,22,988,0,0,0,0,0,1,1
501,501,0,00000200,000001c7,0,48,22,988,0,0,0,0,0,1,1
502,502,0,00000200,000001c2,0,48,22,988,0,0,0,0,0,1,1
503,503,0,00000200,000001ba,0,48,22,988,0,0,0,0,0,1,1
504,504,0,00000200,000001b3,0,48,22,988,0,0,0,0,0,1,1
505,505,0,00000200,000001b0,0,48,22,988,0,0,0,0,0,1,1
506,506,0,00000200,000001b4,0,48,22,988,0,0,0,0,0,1,1
507,507,0,00000200,000001be,0,48,22,988,0,0,0,0,0,1,1
508,508,0,00000200,000001cc,0,48,22,988,0,0,0,0,0,1,1
509,509,0,00000200,000001d9,0,48,22,988,0,0,0,0,0,1,1
510,510,0,00000200,000001e2,0,48,22,988,0,0,0,0,0,1,1
511,511,0,00000200,000001e4,0,48,22,988,0,0,0,0,0,1,1
512,512,0,00000200,000001de,0,48,22,988,0,0,0,0,0,1,1
513,513,0,00000200,000001d2,0,48,22,988,0,0,0,0,0,1,1
514,514,0,00000200,000001c4,0,48,22,988,0,0,0,0,0,1,1
515,515,0,00000200,000001b8,0,48,22,988,0,0,0,0,0,1,1
516,516,0,00000200,00000200,0,48,22,988,0,0,0,0,0,0,0
517,517,0,00000200,00000200,0,48,22,988,0,0,0,0,0,0,0
518,518,0,00000200,00000200,0,48,22,988,0,0,0,0,0,0,0
519,519,0,00000200,00000200,0,48,22,988,0,0,0,0,0,0,0
520,520,0,00000200,00000200,0,48,22,988,0,0,0,0,0,0,0
521,521,0,00000200,00000200,0,48,22,988,0,0,0,0,0,0,0
522,522,0,00000200,00000200,0,48,22,988,0,0,0,0,0,0,0
523,523,0,00000200,00000200,0,48,22,988,0,0,0,0,0,0,0
524,524,0,00000200,00000200,0,48,22,988,0,0,0,0,0,0,0
525,525,0,00000200,00000200,0,48,22,988,0,0,0,0,0,0,0
526,526,0,00000200,00000200,0,48,22,988,0,0,0,0,0,0,0
527,527,0,00000200,00000200,0,48,22,988,0,0,0,0,0,0,0
528,528,0,00000200,00000200,0,48,22,988,0,0,0,0,0,0,0
529,529,0,00000200,00000200,0,48,22,988,0,0,0,0,0,0,0
530,530,0,00000200,00000200,0,48,22,988,0,0,0,0,0,0,0
531,531,0,00000200,00000200,0,48,22,988,0,0,0,0,0,0,0
532,532,0,00000200,00000200,0,48,22,988,0,0,0,0,0,0,0
533,533,0,00000200,00000200,0,48,22,988,0,0,0,0,0,0,0
534,534,0,00000200,00000200,0,48,22,988,0,0,0,0,0,0,0
535,535,0,00000200,00000200,0,48,22,988,0,0,0,0,0,0,0
536,536,0,00000200,00000200,0,48,22,988,0,0,0,0,0,0,0
537,537,0,00000200,00000200,0,48,22,988,0,0,0,0,0,0,0
538,538,0,00000200,00000200,0,48,22,988,0,0,0,0,0,0,0
539,539,0,00000200,00000200,0,48,22,988,0,0,0,0,0,0,0
540,540,0,00000200,00000200,0,48,22,988,0,0,0,0,0,0,0
541,541,0,00000200,00000200,0,48,22,988,0,0,0,0,0,0,0
542,542,0,00000200,00000200,0,48,22,988,0,0,0,0,0,0,0
543,543,0,00000200,00000200,0,48,22,988,0,0,0,0,0,0,0
544,544,0,00000200,00000200,0,48,22,988,0,0,0,0,0,0,0
545,545,0,00000200,00000200,0,48,22,988,0,0,0,0,0,0,0
546,546,0,00000200,00000200,0,48,22,988,0,0,0,0,0,0,0
547,547,0,00000200,00000200,0,48,22,988,0,0,0,0,0,0,0
548,548,0,00000200,00000200,0,48,22,988,0,0,0,0,0,0,0
549,549,0,00000200,00000200,0,48,22,988,0,0,0,0,0,0,0
550,550,0,00000200,00000200,0,48,22,988,0,0,0,0,0,0,0
551,551,0,00000200,00000200,0,48,22,988,0,0,0,0,0,0,0
552,552,0,00000200,00000200,0,48,22,988,0,0,0,0,0,0,0
553,553,0,00000200,00000200,0,48,22,988,0,0,0,0,0,0,0
554,554,0,00000200,00000200,0,48,22,988,0,0,0,0,0,0,0
555,555,0,00000200,00000200,0,48,22,988,0,0,0,0,0,0,0
556,556,0,00000200,00000200,0,48,22,988,0,0,0,0,0,0,0
557,557,0,00000200,00000200,0,48,22,988,0,0,0,0,0,0,0
558,558,0,00000200,00000200,0,48,22,988,0,0,0,0,0,0,0
559,559,0,00000200,00000200,0,48,22,988,0,0,0,0,0,0,0
560,560,0,00000200,00000200,0,48,22,988,0,0,0,0,0,0,0
561,561,0,00000200,00000200,0,48,22,988,0,0,0,0,0,0,0
562,562,0,00000200,00000200,0,48,22,988,0,0,0,0,0,0,0
563,563,0,00000200,00000200,0,48,22,988,0,0,0,0,0,0,0
564,564,0,00000200,00000200,0,48,22,988,0,0,0,0,0,0,0
565,565,0,00000200,00000200,0,48,22,988,0,0,0,0,0,0,0
566,566,0,00000200,00000200,0,48,22,988,0,0,0,0,0,0,0
567,567,0,00000200,00000200,0,48,22,988,0,0,0,0,0,0,0
568,568,0,00000200,00000200,0,48,22,988,0,0,0,0,0,0,0
569,569,0,00000200,00000200,0,48,22,988,0,0,0,0,0,0,0
570,570,0,00000200,00000200,0,48,22,988,0,0,0,0,0,0,0
571,571,0,00000200,00000200,0,48,22,988,0,0,0,0,0,0,0
572,572,0,00000200,00000200,0,48,22,988,0,0,0,0,0,0,0
573,573,0,00000200,00000200,0,48,22,988,0,0,0,0,0,0,0
574,574,0,00000200,00000200,0,48,22,988,0,0,0,0,0,0,0
575,575,0,00000200,00000200,0,48,22,988,0,0,0,0,0,0,0
576,576,0,00000200,00000200,0,48,22,988,0,0,0,0,0,0,0
577,577,0,00000200,00000200,0,48,22,988,0,0,0,0,0,0,0
578,578,0,00000200,00000200,0,48,22,988,0,0,0,0,0,0,0
579,579,0,00000200,00000200,0,48,22,988,0,0,0,0,0,0,0
580,580,0,00000200,00000200,0,48,22,988,0,0,0,0,0,0,0
581,581,0,00000200,00000200,0,48,22,988,0,0,0,0,0,0,0
582,582,0,00000200,00000200,0,48,22,988,0,0,0,0,0,0,0
583,583,0,00000200,00000200,0,48,22,988,0,0,0,0,0,0,0
584,584,0,00000200,00000200,0,48,22,988,0,0,0,0,0,0,0
585,585,0,00000200,00000200,0,48,22,988,0,0,0,0,0,0,0
586,586,0,00000200,00000200,0,48,22,988,0,0,0,0,0,0,0
587,587,0,00000200,00000200,0,48,22,988,0,0,0,0,0,0,0
588,588,0,00000200,00000200,0,48,22,988,0,0,0,0,0,0,0
589,589,0,00000200,00000200,0,48,22,988,0,0,0,0,0,0,0
590,590,0,00000200,00000200,0,48,22,988,0,0,0,0,0,0,0
591,591,0,00000200,00000200,0,48,22,988,0,0,0,0,0,0,0
592,592,0,00000200,00000200,0,48,22,988,0,0,0,0,0,0,0
593,593,0,00000200,00000200,0,48,22,988,0,0,0,0,0,0,0
594,594,0,00000200,00000200,0,48,22,988,0,0,0,0,0,0,0
595,595,0,00000200,00000200,0,48,22,988,0,0,0,0,0,0,0
596,596,0,00000200,00000200,0,48,22,988,0,0,0,0,0,0,0
597,597,0,00000200,00000200,0,48,22,988,0,0,0,0,0,0,0
598,598,0,00000200,00000200,0,48,22,988,0,0,0,0,0,0,0
599,599,0,00000200,00000200,0,48,22,988,0,0,0,0,0,0,0
600,600,0,00000200,00000200,0,48,22,988,0,0,0,0,0,0,0
601,601,0,00000200,00000200,0,48,22,988,0,0,0,0,0,0,0
602,602,0,00000200,00000200,0,48,22,988,0,0,0,0,0,0,0
603,603,0,00000200,00000200,0,48,22,988,0,0,0,0,0,0,0
604,604,0,00000200,00000200,0,48,22,988,0,0,0,0,0,0,0
605,605,0,00000200,00000200,0,48,22,988,0,0,0,0,0,0,0
606,606,0,00000200,00000200,0,48,22,988,0,0,0,0,0,0,0
607,607,0,00000200,00000200,0,48,22,988,0,0,0,0,0,0,0
608,608,0,00000200,00000200,0,48,22,988,0,0,0,0,0,0,0
609,609,0,00000200,00000200,0,48,22,988,0,0,0,0,0,0,0
610,610,0,00000200,00000200,0,48,22,988,0,0,0,0,0,0,0
611,611,0,00000200,00000200,0,48,22,988,0,0,0,0,0,0,0
612,612,0,00000200,00000200,0,48,22,988,0,0,0,0,0,0,0
613,613,0,00000200,00000200,0,48,22,988,0,0,0,0,0,0,0
614,614,0,00000200,00000200,0,48,22,988,0,0,0,0,0,0,0
615,615,0,00000200,00000200,0,48,22,988,0,0,0,0,0,0,0
616,616,0,00000200,00000200,0,48,22,988,0,0,0,0,0,0,0
617,617,0,00000200,00000200,0,48,22,988,0,0,0,0,0,0,0
618,618,0,00000200,00000200,0,48,22,988,0,0,0,0,0,0,0
619,619,0,00000200,00000200,0,48,22,988,0,0,0,0,0,0,0
620,620,0,00000200,00000200,0,48,22,988,0,0,0,0,0,0,0
621,621,0,00000200,00000200,0,48,22,988,0,0,0,0,0,0,0
622,622,0,00000200,00000200,0,48,22,988,0,0,0,0,0,0,0
623,623,0,00000200,00000200,0,48,22,988,0,0,0,0,0,0,0
624,624,0,00000200,00000200,0,48,22,988,0,0,0,0,0,0,0
625,625,0,00000200,00000200,0,48,22,988,0,0,0,0,0,0,0
626,626,0,00000200,00000200,0,48,22,988,0,0,0,0,0,0,0
627,627,0,00000200,00000200,0,48,22,988,0,0,0,0,0,0,0
628,628,0,00000200,00000200,0,48,22,988,0,0,0,0,0,0,0
629,629,0,00000200,00000200,0,48,22,988,0,0,0,0,0,0,0
630,630,0,00000200,00000200,0,48,22,988,0,0,0,0,0,0,0
631,631,0,00000200,00000200,0,48,22,988,0,0,0,0,0,0,0
632,632,0,00000200,00000200,0,48,22,988,0,0,0,0,0,0,0
633,633,0,00000200,00000200,0,48,22,988,0,0,0,0,0,0,0
634,634,0,00000200,00000200,0,48,22,988,0,0,0,0,0,0,0
635,635,0,00000200,00000200,0,48,22,988,0,0,0,0,0,0,0
636,636,0,00000200,00000200,0,48,22,988,0,0,0,0,0,0,0
637,637,0,00000200,00000200,0,48,22,988,0,0,0,0,0,0,0
638,638,0,00000200,00000200,0,48,22,988,0,0,0,0,0,0,0
639,639,0,00000200,00000200,0,48,22,988,0,0,0,0,0,0,0
640,640,0,00000200,00000200,0,48,22,988,0,0,0,0,0,0,0
641,641,0,00000200,00000200,0,48,22,988,0,0,0,0,0,0,0
642,642,0,00000200,00000200,0,48,22,988,0,0,0,0,0,0,0
643,643,0,00000200,00000200,0,48,22,988,0,0,0,0,0,0,0
644,644,0,00000200,00000200,0,48,22,988,0,0,0,0,0,0,0
645,645,0,00000200,00000200,0,48,22,988,0,0,0,0,0,0,0
646,646,0,00000200,00000200,0,48,22,988,0,0,0,0,0,0,0
647,647,0,00000200,00000200,0,48,22,988,0,0,0,0,0,0,0
648,648,0,00000200,00000200,0,48,22,988,0,0,0,0,0,0,0
649,649,0,00000200,00000200,0,48,22,988,0,0,0,0,0,0,0
650,650,0,00000200,00000200,0,48,22,988,0,0,0,0,0,0,0
651,651,0,00000200,00000200,0,48,22,988,0,0,0,0,0,0,0
652,652,0,00000200,00000200,0,48,22,988,0,0,0,0,0,0,0
653,653,0,00000200,00000200,0,48,22,988,0,0,0,0,0,0,0
654,654,0,00000200,00000200,0,48,22,988,0,0,0,0,0,0,0
655,655,0,00000200,00000200,0,48,22,988,0,0,0,0,0,0,0
656,656,0,00000200,00000200,0,48,22,988,0,0,0,0,0,0,0
657,657,0,00000200,00000200,0,48,22,988,0,0,0,0,0,0,0
658,658,0,00000200,00000200,0,48,22,988,0,0,0,0,0,0,0
659,659,0,00000200,00000200,0,48,22,988,0,0,0,0,0,0,0
660,660,0,00000200,00000200,0,48,22,988,0,0,0,0,0,0,0
661,661,0,00000200,00000200,0,48,22,988,0,0,0,0,0,0,0
662,662,0,00000200,00000200,0,48,22,988,0,0,0,0,0,0,0
663,663,0,00000200,00000200,0,48,22,988,0,0,0,0,0,0,0
664,664,0,00000200,00000200,0,48,22,988,0,0,0,0,0,0,0
665,665,0,00000200,00000200,0,48,22,988,0,0,0,0,0,0,0
666,666,0,00000200,00000200,0,48,22,988,0,0,0,0,0,0,0
667,667,0,00000200,00000200,0,48,22,988,0,0,0,0,0,0,0
668,668,0,00000200,00000200,0,48,22,988,0,0,0,0,0,0,0
669,669,0,00000200,00000200,0,48,22,988,0,0,0,0,0,0,0
670,670,0,00000200,00000200,0,48,22,988,0,0,0,0,0,0,0
671,671,0,00000200,00000200,0,48,22,988,0,0,0,0,0,0,0
672,672,0,00000200,00000200,0,48,22,988,0,0,0,0,0,0,0
673,673,0,00000200,00000200,0,48,22,988,0,0,0,0,0,0,0
674,674,0,00000200,00000200,0,48,22,988,0,0,0,0,0,0,0
675,675,0,00000200,00000200,0,48,22,988,0,0,0,0,0,0,0
676,676,0,00000200,00000200,0,48,22,988,0,0,0,0,0,0,0
677,677,0,00000200,00000200,0,48,22,988,0,0,0,0,0,0,0
678,678,0,00000200,00000200,0,48,22,988,0,0,0,0,0,0,0
679,679,0,00000200,00000200,0,48,22,988,0,0,0,0,0,0,0
680,680,0,00000200,00000200,0,48,22,988,0,0,0,0,0,0,0
681,681,0,00000200,00000200,0,48,22,988,0,0,0,0,0,0,0
682,682,0,00000200,00000200,0,48,22,988,0,0,0,0,0,0,0
683,683,0,00000200,00000200,0,48,22,988,0,0,0,0,0,0,0
684,684,0,00000200,00000200,0,48,22,988,0,0,0,0,0,0,0
685,685,0,00000200,00000200,0,48,22,988,0,0,0,0,0,0,0
686,686,0,00000200,00000200,0,48,22,988,0,0,0,0,0,0,0
687,687,0,00000200,00000200,0,48,22,988,0,0,0,0,0,0,0
688,688,0,00000200,00000200,0,48,22,988,0,0,0,0,0,0,0
689,689,0,00000200,00000200,0,48,22,988,0,0,0,0,0,0,0
690,690,0,00000200,00000200,0,48,22,988,0,0,0,0,0,0,0
691,691,0,00000200,00000200,0,48,22,988,0,0,0,0,0,0,0
692,692,0,00000200,00000200,0,48,22,988,0,0,0,0,0,0,0
693,693,0,00000200,00000200,0,48,22,988,0,0,0,0,0,0,0
694,694,0,00000200,00000200,0,48,22,988,0,0,0,0,0,0,0
695,695,0,00000200,00000200,0,48,22,988,0,0,0,0,0,0,0
696,696,0,00000200,00000200,0,48,22,988,0,0,0,0,0,0,0
697,697,0,00000200,00000200,0,48,22,988,0,0,0,0,0,0,0
698,698,0,00000200,00000200,0,48,22,988,0,0,0,0,0,0,0
699,699,0,00000200,00000200,0,48,22,988,0,0,0,0,0,0,0
700,700,0,00000200,00000200,0,48,22,988,0,0,0,0,0,0,0
701,701,0,00000200,00000200,0,48,22,988,0,0,0,0,0,0,0
702,702,0,00000200,00000200,0,48,22,988,0,0,0,0,0,0,0
703,703,0,00000200,00000200,0,48,22,988,0,0,0,0,0,0,0
704,704,0,00000200,00000200,0,48,22,988,0,0,0,0,0,0,0
705,705,0,00000200,00000200,0,48,22,988,0,0,0,0,0,0,0
706,706,0,00000200,00000200,0,48,22,988,0,0,0,0,0,0,0
707,707,0,00000200,00000200,0,48,22,988,0,0,0,0,0,0,0
708,708,0,00000200,00000200,0,48,22,988,0,0,0,0,0,0,0
709,709,0,00000200,00000200,0,48,22,988,0,0,0,0,0,0,0
710,710,0,00000200,00000200,0,48,22,988,0,0,0,0,0,0,0
711,711,0,00000200,00000200,0,48,22,988,0,0,0,0,0,0,0
712,712,0,00000200,00000200,0,48,22,988,0,0,0,0,0,0,0
713,713,0,00000200,00000200,0,48,22,988,0,0,0,0,0,0,0
714,714,0,00000200,00000200,0,48,22,988,0,0,0,0,0,0,0
715,715,0,00000200,00000200,0,48,22,988,0,0,0,0,0,0,0
716,716,0,00000200,00000200,0,48,22,988,0,0,0,0,0,0,0
717,717,0,00000200,00000200,0,48,22,988,0,0,0,0,0,0,0
718,718,0,00000200,00000200,0,48,22,988,0,0,0,0,0,0,0
719,719,0,00000200,00000200,0,48,22,988,0,0,0,0,0,0,0
720,720,0,00000200,00000200,0,48,22,988,0,0,0,0,0,0,0
721,721,0,00000200,00000200,0,48,22,988,0,0,0,0,0,0,0
722,722,0,00000200,00000200,0,48,22,988,0,0,0,0,0,0,0
723,723,0,00000200,00000200,0,48,22,988,0,0,0,0,0,0,0
724,724,0,00000200,00000200,0,48,22,988,0,0,0,0,0,0,0
725,725,0,00000200,00000200,0,48,22,988,0,0,0,0,0,0,0
726,726,0,00000200,00000200,0,48,22,988,0,0,0,0,0,0,0
727,727,0,00000200,00000200,0,48,22,988,0,0,0,0,0,0,0
728,728,0,00000200,00000200,0,48,22,988,0,0,0,0,0,0,0
729,729,0,00000200,00000200,0,48,22,988,0,0,0,0,0,0,0
730,730,0,00000200,00000200,0,48,22,988,0,0,0,0,0,0,0
731,731,0,00000200,00000200,0,48,22,988,0,0,0,0,0,0,0
732,732,0,00000200,00000200,0,48,22,988,0,0,0,0,0,0,0
733,733,0,00000200,00000200,0,48,22,988,0,0,0,0,0,0,0
734,734,0,00000200,00000200,0,48,22,988,0,0,0,0,0,0,0
735,735,0,00000200,00000200,0,48,22,988,0,0,0,0,0,0,0
736,736,0,00000200,00000200,0,48,22,988,0,0,0,0,0,0,0
737,737,0,00000200,00000200,0,48,22,988,0,0,0,0,0,0,0
738,738,0,00000200,00000200,0,48,22,988,0,0,0,0,0,0,0
739,739,0,00000200,00000200,0,48,22,988,0,0,0,0,0,0,0
740,740,0,00000200,00000200,0,48,22,988,0,0,0,0,0,0,0
741,741,0,00000200,00000200,0,48,22,988,0,0,0,0,0,0,0
742,742,0,00000200,00000200,0,48,22,988,0,0,0,0,0,0,0
743,743,0,00000200,00000200,0,48,22,988,0,0,0,0,0,0,0
744,744,0,00000200,00000200,0,48,22,988,0,0,0,0,0,0,0
745,745,0,00000200,00000200,0,48,22,988,0,0,0,0,0,0,0
746,746,0,00000200,00000200,0,48,22,988,0,0,0,0,0,0,0
747,747,0,00000200,00000200,0,48,22,988,0,0,0,0,0,0,0
748,748,0,00000200,00000200,0,48,22,988,0,0,0,0,0,0,0
749,749,0,00000200,00000200,0,48,22,988,0,0,0,0,0,0,0
750,750,0,00000200,00000200,0,48,22,988,0,0,0,0,0,0,0
751,751,0,00000200,00000200,0,48,22,988,0,0,0,0,0,0,0
752,752,0,00000200,00000200,0,48,22,988,0,0,0,0,0,0,0
753,753,0,00000200,00000200,0,48,22,988,0,0,0,0,0,0,0
754,754,0,00000200,00000200,0,48,22,988,0,0,0,0,0,0,0
755,755,0,00000200,00000200,0,48,22,988,0,0,0,0,0,0,0
756,756,0,00000200,00000200,0,48,22,988,0,0,0,0,0,0,0
757,757,0,00000200,00000200,0,48,22,988,0,0,0,0,0,0,0
758,758,0,00000200,00000200,0,48,22,988,0,0,0,0,0,0,0
759,759,0,00000200,00000200,0,48,22,988,0,0,0,0,0,0,0
760,760,0,00000200,00000200,0,48,22,988,0,0,0,0,0,0,0
761,761,0,00000200,00000200,0,48,22,988,0,0,0,0,0,0,0
762,762,0,00000200,00000200,0,48,22,988,0,0,0,0,0,0,0
763,763,0,00000200,00000200,0,48,22,988,0,0,0,0,0,0,0
764,764,0,00000200,00000200,0,48,22,988,0,0,0,0,0,0,0
765,765,0,00000200,00000200,0,48,22,988,0,0,0,0,0,0,0
766,766,0,00000200,00000200,0,48,22,988,0,0,0,0,0,0,0
767,767,0,00000200,00000200,0,48,22,988,0,0,0,0,0,0,0
768,768,0,00000200,00000200,0,48,22,988,0,0,0,0,0,0,0
769,769,0,00000200,00000200,0,48,22,988,0,0,0,0,0,0,0
770,770,0,00000200,00000200,0,48,22,988,0,0,0,0,0,0,0
771,771,0,00000200,00000200,0,48,22,988,0,0,0,0,0,0,0
772,772,0,00000200,00000200,0,48,22,988,0,0,0,0,0,0,0
773,773,0,00000200,00000200,0,48,22,988,0,0,0,0,0,0,0
774,774,0,00000200,00000200,0,48,22,988,0,0,0,0,0,0,0
775,775,0,00000200,00000200,0,48,22,988,0,0,0,0,0,0,0
776,776,0,00000200,00000200,0,48,22,988,0,0,0,0,0,0,0
777,777,0,00000200,00000200,0,48,22,988,0,0,0,0,0,0,0
778,778,0,00000200,00000200,0,48,22,988,0,0,0,0,0,0,0
779,779,0,00000200,00000200,0,48,22,988,0,0,0,0,0,0,0
780,780,0,00000200,00000200,0,48,22,988,0,0,0,0,0,0,0
781,781,0,00000200,00000200,0,48,22,988,0,0,0,0,0,0,0
782,782,0,00000200,00000200,0,48,22,988,0,0,0,0,0,0,0
783,783,0,00000200,00000200,0,48,22,988,0,0,0,0,0,0,0
784,784,0,00000200,00000200,0,48,22,988,0,0,0,0,0,0,0
785,785,0,00000200,00000200,0,48,22,988,0,0,0,0,0,0,0
786,786,0,00000200,00000200,0,48,22,988,0,0,0,0,0,0,0
787,787,0,00000200,00000200,0,48,22,988,0,0,0,0,0,0,0
788,788,0,00000200,00000200,0,48,22,988,0,0,0,0,0,0,0
789,789,0,00000200,00000200,0,48,22,988,0,0,0,0,0,0,0
790,790,0,00000200,00000200,0,48,22,988,0,0,0,0,0,0,0
791,791,0,00000200,00000200,0,48,22,988,0,0,0,0,0,0,0
792,792,0,00000200,00000200,0,48,22,988,0,0,0,0,0,0,0
793,793,0,00000200,00000200,0,48,22,988,0,0,0,0,0,0,0
794,794,0,00000200,00000200,0,48,22,988,0,0,0,0,0,0,0
795,795,0,00000200,00000200,0,48,22,988,0,0,0,0,0,0,0
796,796,0,00000200,00000200,0,48,22,988,0,0,0,0,0,0,0
797,797,0,00000200,00000200,0,48,22,988,0,0,0,0,0,0,0
798,798,0,00000200,00000200,0,48,22,988,0,0,0,0,0,0,0
799,799,0,00000200,00000200,0,48,22,988,0,0,0,0,0,0,0
800,800,0,00000200,00000200,0,48,22,988,0,0,0,0,0,0,0
801,801,0,00000200,00000200,0,48,22,988,0,0,0,0,0,0,0
802,802,0,00000200,00000200,0,48,22,988,0,0,0,0,0,0,0
803,803,0,00000200,00000200,0,48,22,988,0,0,0,0,0,0,0
804,804,0,00000200,00000200,0,48,22,988,0,0,0,0,0,0,0
805,805,0,00000200,00000200,0,48,22,988,0,0,0,0,0,0,0
806,806,0,00000200,00000200,0,48,22,988,0,0,0,0,0,0,0
807,807,0,00000200,00000200,0,48,22,988,0,0,0,0,0,0,0
808,808,0,00000200,00000200,0,48,22,988,0,0,0,0,0,0,0
809,809,0,00000200,00000200,0,48,22,988,0,0,0,0,0,0,0
810,810,0,00000200,00000200,0,48,22,988,0,0,0,0,0,0,0
811,811,0,00000200,00000200,0,48,22,988,0,0,0,0,0,0,0
812,812,0,00000200,00000200,0,48,22,988,0,0,0,0,0,0,0
813,813,0,00000200,00000200,0,48,22,988,0,0,0,0,0,0,0
814,814,0,00000200,00000200,0,48,22,988,0,0,0,0,0,0,0
815,815,0,00000200,00000200,0,48,22,988,0,0,0,0,0,0,0
816,816,0,00000200,00000200,0,48,22,988,0,0,0,0,0,0,0
817,817,0,00000200,00000200,0,48,22,988,0,0,0,0,0,0,0
818,818,0,00000200,00000200,0,48,22,988,0,0,0,0,0,0,0
819,819,0,00000200,00000200,0,48,22,988,0,0,0,0,0,0,0
820,820,0,00000200,00000200,0,48,22,988,0,0,0,0,0,0,0
821,821,0,00000200,00000200,0,48,22,988,0,0,0,0,0,0,0
822,822,0,00000200,00000200,0,48,22,988,0,0,0,0,0,0,0
823,823,0,00000200,00000200,0,48,22,988,0,0,0,0,0,0,0
824,824,0,00000200,00000200,0,48,22,988,0,0,0,0,0,0,0
825,825,0,00000200,00000200,0,48,22,988,0,0,0,0,0,0,0
826,826,0,00000200,00000200,0,48,22,988,0,0,0,0,0,0,0
827,827,0,00000200,00000200,0,48,22,988,0,0,0,0,0,0,0
828,828,0,00000200,00000200,0,48,22,988,0,0,0,0,0,0,0
829,829,0,00000200,00000200,0,48,22,988,0,0,0,0,0,0,0
830,830,0,00000200,00000200,0,48,22,988,0,0,0,0,0,0,0
831,831,0,00000200,00000200,0,48,22,988,0,0,0,0,0,0,0
832,832,0,00000200,00000200,0,48,22,988,0,0,0,0,0,0,0
833,833,0,00000200,00000200,0,48,22,988,0,0,0,0,0,0,0
834,834,0,00000200,00000200,0,48,22,988,0,0,0,0,0,0,0
835,835,0,00000200,00000200,0,48,22,988,0,0,0,0,0,0,0
836,836,0,00000200,00000200,0,48,22,988,0,0,0,0,0,0,0
837,837,0,00000200,00000200,0,48,22,988,0,0,0,0,0,0,0
838,838,0,00000200,00000200,0,48,22,988,0,0,0,0,0,0,0
839,839,0,00000200,00000200,0,48,22,988,0,0,0,0,0,0,0
840,840,0,00000200,00000200,0,48,22,988,0,0,0,0,0,0,0
841,841,0,00000200,00000200,0,48,22,988,0,0,0,0,0,0,0
842,842,0,00000200,00000200,0,48,22,988,0,0,0,0,0,0,0
843,843,0,00000200,00000200,0,48,22,988,0,0,0,0,0,0,0
844,844,0,00000200,00000200,0,48,22,988,0,0,0,0,0,0,0
845,845,0,00000200,00000200,0,48,22,988,0,0,0,0,0,0,0
846,846,0,00000200,00000200,0,48,22,988,0,0,0,0,0,0,0
847,847,0,00000200,00000200,0,48,22,988,0,0,0,0,0,0,0
848,848,0,00000200,00000200,0,48,22,988,0,0,0,0,0,0,0
849,849,0,00000200,00000200,0,48,22,988,0,0,0,0,0,0,0
850,850,0,00000200,00000200,0,48,22,988,0,0,0,0,0,0,0
851,851,0,00000200,00000200,0,48,22,988,0,0,0,0,0,0,0
852,852,0,00000200,00000200,0,48,22,988,0,0,0,0,0,0,0
853,853,0,00000200,00000200,0,48,22,988,0,0,0,0,0,0,0
854,854,0,00000200,00000200,0,48,22,988,0,0,0,0,0,0,0
855,855,0,00000200,00000200,0,48,22,988,0,0,0,0,0,0,0
856,856,0,00000200,00000200,0,48,22,988,0,0,0,0,0,0,0
857,857,0,00000200,00000200,0,48,22,988,0,0,0,0,0,0,0
858,858,0,00000200,00000200,0,48,22,988,0,0,0,0,0,0,0
859,859,0,00000200,00000200,0,48,22,988,0,0,0,0,0,0,0
860,860,0,00000200,00000200,0,48,22,988,0,0,0,0,0,0,0
861,861,0,00000200,00000200,0,48,22,988,0,0,0,0,0,0,0
862,862,0,00000200,00000200,0,48,22,988,0,0,0,0,0,0,0
863,863,0,00000200,00000200,0,48,22,988,0,0,0,0,0,0,0
864,864,0,00000200,00000200,0,48,22,988,0,0,0,0,0,0,0
865,865,0,00000200,00000200,0,48,22,988,0,0,0,0,0,0,0
866,866,0,00000200,00000200,0,48,22,988,0,0,0,0,0,0,0
867,867,0,00000200,00000200,0,48,22,988,0,0,0,0,0,0,0
868,868,0,00000200,00000200,0,48,22,988,0,0,0,0,0,0,0
869,869,0,00000200,00000200,0,48,22,988,0,0,0,0,0,0,0
870,870,0,00000200,00000200,0,48,22,988,0,0,0,0,0,0,0
871,871,0,00000200,00000200,0,48,22,988,0,0,0,0,0,0,0
872,872,0,00000200,00000200,0,48,22,988,0,0,0,0,0,0,0
873,873,0,00000200,00000200,0,48,22,988,0,0,0,0,0,0,0
874,874,0,00000200,00000200,0,48,22,988,0,0,0,0,0,0,0
875,875,0,00000200,00000200,0,48,22,988,0,0,0,0,0,0,0
876,876,0,00000200,00000200,0,48,22,988,0,0,0,0,0,0,0
877,877,0,00000200,00000200,0,48,22,988,0,0,0,0,0,0,0
878,878,0,00000200,00000200,0,48,22,988,0,0,0,0,0,0,0
879,879,0,00000200,00000200,0,48,22,988,0,0,0,0,0,0,0
880,880,0,00000200,00000200,0,48,22,988,0,0,0,0,0,0,0
881,881,0,00000200,00000200,0,48,22,988,0,0,0,0,0,0,0
882,882,0,00000200,00000200,0,48,22,988,0,0,0,0,0,0,0
883,883,0,00000200,00000200,0,48,22,988,0,0,0,0,0,0,0
884,884,0,00000200,00000200,0,48,22,988,0,0,0,0,0,0,0
885,885,0,00000200,00000200,0,48,22,988,0,0,0,0,0,0,0
886,886,0,00000200,00000200,0,48,22,988,0,0,0,0,0,0,0
887,887,0,00000200,00000200,0,48,22,988,0,0,0,0,0,0,0
888,888,0,00000200,00000200,0,48,22,988,0,0,0,0,0,0,0
889,889,0,00000200,00000200,0,48,22,988,0,0,0,0,0,0,0
890,890,0,00000200,00000200,0,48,22,988,0,0,0,0,0,0,0
891,891,0,00000200,00000200,0,48,22,988,0,0,0,0,0,0,0
892,892,0,00000200,00000200,0,48,22,988,0,0,0,0,0,0,0
893,893,0,00000200,00000200,0,48,22,988,0,0,0,0,0,0,0
894,894,0,00000200,00000200,0,48,22,988,0,0,0,0,0,0,0
895,895,0,00000200,00000200,0,48,22,988,0,0,0,0,0,0,0
896,896,0,00000200,00000200,0,48,22,988,0,0,0,0,0,0,0
897,897,0,00000200,00000200,0,48,22,988,0,0,0,0,0,0,0
898,898,0,00000200,00000200,0,48,22,988,0,0,0,0,0,0,0
899,899,0,00000200,00000200,0,48,22,988,0,0,0,0,0,0,0
900,900,0,00000200,00000200,0,48,22,988,0,0,0,0,0,0,0
901,901,0,00000200,00000200,0,48,22,988,0,0,0,0,0,0,0
902,902,0,00000200,00000200,0,48,22,988,0,0,0,0,0,0,0
903,903,0,00000200,00000200,0,48,22,988,0,0,0,0,0,0,0
904,904,0,00000200,00000200,0,48,22,988,0,0,0,0,0,0,0
905,905,0,00000200,00000200,0,48,22,988,0,0,0,0,0,0,0
906,906,0,00000200,00000200,0,48,22,988,0,0,0,0,0,0,0
907,907,0,00000200,00000200,0,48,22,988,0,0,0,0,0,0,0
908,908,0,00000200,00000200,0,48,22,988,0,0,0,0,0,0,0
909,909,0,00000200,00000200,0,48,22,988,0,0,0,0,0,0,0
910,910,0,00000200,00000200,0,48,22,988,0,0,0,0,0,0,0
911,911,0,00000200,00000200,0,48,22,988,0,0,0,0,0,0,0
912,912,0,00000200,00000200,0,48,22,988,0,0,0,0,0,0,0
913,913,0,00000200,00000200,0,48,22,988,0,0,0,0,0,0,0
914,914,0,00000200,00000200,0,48,22,988,0,0,0,0,0,0,0
915,915,0,00000200,00000200,0,48,22,988,0,0,0,0,0,0,0
916,916,0,00000200,00000200,0,48,22,988,0,0,0,0,0,0,0
917,917,0,00000200,00000200,0,48,22,988,0,0,0,0,0,0,0
918,918,0,00000200,00000200,0,48,22,988,0,0,0,0,0,0,0
919,919,0,00000200,00000200,0,48,22,988,0,0,0,0,0,0,0
920,920,0,00000200,00000200,0,48,22,988,0,0,0,0,0,0,0
921,921,0,00000200,00000200,0,48,22,988,0,0,0,0,0,0,0
922,922,0,00000200,00000200,0,48,22,988,0,0,0,0,0,0,0
923,923,0,00000200,00000200,0,48,22,988,0,0,0,0,0,0,0
924,924,0,00000200,00000200,0,48,22,988,0,0,0,0,0,0,0
925,925,0,00000200,00000200,0,48,22,988,0,0,0,0,0,0,0
926,926,0,00000200,00000200,0,48,22,988,0,0,0,0,0,0,0
927,927,0,00000200,00000200,0,48,22,988,0,0,0,0,0,0,0
928,928,0,00000200,00000200,0,48,22,988,0,0,0,0,0,0,0
929,929,0,00000200,00000200,0,48,22,988,0,0,0,0,0,0,0
930,930,0,00000200,00000200,0,48,22,988,0,0,0,0,0,0,0
931,931,0,00000200,00000200,0,48,22,988,0,0,0,0,0,0,0
932,932,0,00000200,00000200,0,48,22,988,0,0,0,0,0,0,0
933,933,0,00000200,00000200,0,48,22,988,0,0,0,0,0,0,0
934,934,0,00000200,00000200,0,48,22,988,0,0,0,0,0,0,0
935,935,0,00000200,00000200,0,48,22,988,0,0,0,0,0,0,0
936,936,0,00000200,00000200,0,48,22,988,0,0,0,0,0,0,0
937,937,0,00000200,00000200,0,48,22,988,0,0,0,0,0,0,0
938,938,0,00000200,00000200,0,48,22,988,0,0,0,0,0,0,0
939,939,0,00000200,00000200,0,48,22,988,0,0,0,0,0,0,0
940,940,0,00000200,00000200,0,48,22,988,0,0,0,0,0,0,0
941,941,0,00000200,00000200,0,48,22,988,0,0,0,0,0,0,0
942,942,0,00000200,00000200,0,48,22,988,0,0,0,0,0,0,0
943,943,0,00000200,00000200,0,48,22,988,0,0,0,0,0,0,0
944,944,0,00000200,00000200,0,48,22,988,0,0,0,0,0,0,0
945,945,0,00000200,00000200,0,48,22,988,0,0,0,0,0,0,0
946,946,0,00000200,00000200,0,48,22,988,0,0,0,0,0,0,0
947,947,0,00000200,00000200,0,48,22,988,0,0,0,0,0,0,0
948,948,0,00000200,00000200,0,48,22,988,0,0,0,0,0,0,0
949,949,0,00000200,00000200,0,48,22,988,0,0,0,0,0,0,0
950,950,0,00000200,00000200,0,48,22,988,0,0,0,0,0,0,0
951,951,0,00000200,00000200,0,48,22,988,0,0,0,0,0,0,0
952,952,0,00000200,00000200,0,48,22,988,0,0,0,0,0,0,0
953,953,0,00000200,00000200,0,48,22,988,0,0,0,0,0,0,0
954,954,0,00000200,00000200,0,48,22,988,0,0,0,0,0,0,0
955,955,0,00000200,00000200,0,48,22,988,0,0,0,0,0,0,0
956,956,0,00000200,00000200,0,48,22,988,0,0,0,0,0,0,0
957,957,0,00000200,00000200,0,48,22,988,0,0,0,0,0,0,0
958,958,0,00000200,00000200,0,48,22,988,0,0,0,0,0,0,0
959,959,0,00000200,00000200,0,48,22,988,0,0,0,0,0,0,0
960,960,0,00000200,00000200,0,48,22,988,0,0,0,0,0,0,0
961,961,0,00000200,00000200,0,48,22,988,0,0,0,0,0,0,0
962,962,0,00000200,00000200,0,48,22,988,0,0,0,0,0,0,0
963,963,0,00000200,00000200,0,48,22,988,0,0,0,0,0,0,0
964,964,0,00000200,00000200,0,48,22,988,0,0,0,0,0,0,0
965,965,0,00000200,00000200,0,48,22,988,0,0,0,0,0,0,0
966,966,0,00000200,00000200,0,48,22,988,0,0,0,0,0,0,0
967,967,0,00000200,00000200,0,48,22,988,0,0,0,0,0,0,0
968,968,0,00000200,00000200,0,48,22,988,0,0,0,0,0,0,0
969,969,0,00000200,00000200,0,48,22,988,0,0,0,0,0,0,0
970,970,0,00000200,00000200,0,48,22,988,0,0,0,0,0,0,0
971,971,0,00000200,00000200,0,48,22,988,0,0,0,0,0,0,0
972,972,0,00000200,00000200,0,48,22,988,0,0,0,0,0,0,0
973,973,0,00000200,00000200,0,48,22,988,0,0,0,0,0,0,0
974,974,0,00000200,00000200,0,48,22,988,0,0,0,0,0,0,0
975,975,0,00000200,00000200,0,48,22,988,0,0,0,0,0,0,0
976,976,0,00000200,00000200,0,48,22,988,0,0,0,0,0,0,0
977,977,0,00000200,00000200,0,48,22,988,0,0,0,0,0,0,0
978,978,0,00000200,00000200,0,48,22,988,0,0,0,0,0,0,0
979,979,0,00000200,00000200,0,48,22,988,0,0,0,0,0,0,0
980,980,0,00000200,00000200,0,48,22,988,0,0,0,0,0,0,0
981,981,0,00000200,00000200,0,48,22,988,0,0,0,0,0,0,0
982,982,0,00000200,00000200,0,48,22,988,0,0,0,0,0,0,0
983,983,0,00000200,00000200,0,48,22,988,0,0,0,0,0,0,0
984,984,0,00000200,00000200,0,48,22,988,0,0,0,0,0,0,0
985,985,0,00000200,00000200,0,48,22,988,0,0,0,0,0,0,0
986,986,0,00000200,00000200,0,48,22,988,0,0,0,0,0,0,0
987,987,0,00000200,00000200,0,48,22,988,0,0,0,0,0,0,0
988,988,0,00000200,00000200,0,48,22,988,0,0,0,0,0,0,0
989,989,0,00000200,00000200,0,48,22,988,0,0,0,0,0,0,0
990,990,0,00000200,00000200,0,48,22,988,0,0,0,0,0,0,0
991,991,0,00000200,00000200,0,48,22,988,0,0,0,0,0,0,0
992,992,0,00000200,00000200,0,48,22,988,0,0,0,0,0,0,0
993,993,0,00000200,00000200,0,48,22,988,0,0,0,0,0,0,0
994,994,0,00000200,00000200,0,48,22,988,0,0,0,0,0,0,0
995,995,0,00000200,00000200,0,48,22,988,0,0,0,0,0,0,0
996,996,0,00000200,00000200,0,48,22,988,0,0,0,0,0,0,0
997,997,0,00000200,00000200,0,48,22,988,0,0,0,0,0,0,0
998,998,0,00000200,00000200,0,48,22,988,0,0,0,0,0,0,0
999,999,0,00000200,00000200,0,48,22,988,0,0,0,0,0,0,0
1000,1000,0,00000200,00000200,0,48,22,988,0,0,0,0,0,0,0
1001,1001,0,00000200,00000200,0,48,22,988,0,0,0,0,0,0,0
1002,1002,0,00000200,00000200,0,48,22,988,0,0,0,0,0,0,0
1003,1003,0,00000200,00000200,0,48,22,988,0,0,0,0,0,0,0
1004,1004,0,00000200,00000200,0,48,22,988,0,0,0,0,0,0,0
1005,1005,0,00000200,00000200,0,48,22,988,0,0,0,0,0,0,0
1006,1006,0,00000200,00000200,0,48,22,988,0,0,0,0,0,0,0
1007,1007,0,00000200,00000200,0,48,22,988,0,0,0,0,0,0,0
1008,1008,0,00000200,00000200,0,48,22,988,0,0,0,0,0,0,0
1009,1009,0,00000200,00000200,0,48,22,988,0,0,0,0,0,0,0
1010,1010,0,00000200,00000200,0,48,22,988,0,0,0,0,0,0,0
1011,1011,0,00000200,00000200,0,48,22,988,0,0,0,0,0,0,0
1012,1012,0,00000200,00000200,0,48,22,988,0,0,0,0,0,0,0
1013,1013,0,00000200,00000200,0,48,22,988,0,0,0,0,0,0,0
1014,1014,0,00000200,00000200,0,48,22,988,0,0,0,0,0,0,0
1015,1015,0,00000200,00000200,0,48,22,988,0,0,0,0,0,0,0
1016,1016,0,00000200,00000200,0,48,22,988,0,0,0,0,0,0,0
1017,1017,0,00000200,00000200,0,48,22,988,0,0,0,0,0,0,0
1018,1018,0,00000200,00000200,0,48,22,988,0,0,0,0,0,0,0
1019,1019,0,00000200,00000200,0,48,22,988,0,0,0,0,0,0,0
1020,1020,0,00000200,00000200,0,48,22,988,0,0,0,0,0,0,0
1021,1021,0,00000200,00000200,0,48,22,988,0,0,0,0,0,0,0
1022,1022,0,00000200,00000200,0,48,22,988,0,0,0,0,0,0,0
1023,1023,0,00000200,00000200,0,48,22,988,0,0,0,0,0,0,0
