Time,Signal 1,Signal 2,Signal 3,Signal 4
0.0,0.0,4.499999999999999,7.794228634059947,9.0
2.857142857142857e-05,-2.204364238465236e-15,4.5,7.794228634059945,9.0
5.714285714285714e-05,-4.408728476930472e-15,4.499999999999991,7.794228634059948,9.0
8.571428571428571e-05,-6.613092715395707e-15,4.499999999999989,7.794228634059939,9.0
0.00011428571428571428,-8.817456953860943e-15,4.499999999999988,7.794228634059937,9.0
0.00014285714285714287,-1.1021821192326179e-14,4.499999999999986,7.7942286340599365,9.0
0.00017142857142857143,-1.3226185430791413e-14,4.500000000000011,7.794228634059936,9.0
0.0002,-1.543054966925665e-14,4.50000000000001,7.794228634059935,9.0
0.00022857142857142857,-1.7634913907721887e-14,4.500000000000008,7.794228634059934,9.0
0.00025714285714285715,-1.9839278146187122e-14,4.500000000000006,7.794228634059932,9.0
0.00028571428571428574,-2.2043642384652358e-14,4.5000000000000036,7.794228634059931,9.0
0.00031428571428571427,-8.81968528415266e-14,4.499999999999947,7.79422863405993,9.0
0.00034285714285714285,-2.6452370861582827e-14,4.5,7.794228634059961,9.0
0.00037142857142857143,-9.260558131845708e-14,4.499999999999942,7.7942286340599285,9.0
0.0004,-3.08610993385133e-14,4.4999999999999964,7.794228634059959,9.0
0.00042857142857142855,-9.701430979538754e-14,4.499999999999939,7.794228634059925,9.0
0.00045714285714285713,-3.5269827815443773e-14,4.499999999999993,7.794228634059956,9.0
0.0004857142857142857,-1.0142303827231802e-13,4.499999999999935,7.794228634059923,9.0
0.0005142857142857143,-3.9678556292374245e-14,4.4999999999999885,7.794228634059954,9.0
0.0005428571428571429,2.206592568756954e-14,4.500000000000042,7.794228634059985,9.0
0.0005714285714285715,-4.4087284769304716e-14,4.499999999999985,7.7942286340599525,9.0
0.0006,-2.38138187662997e-13,4.499999999999706,7.794228634059856,9.0
0.0006285714285714285,-1.763937056830532e-13,4.499999999999759,7.794228634059887,9.0
0.0006571428571428571,-1.1464922370310944e-13,4.499999999999813,7.794228634059918,9.0
0.0006857142857142857,-5.2904741723165653e-14,4.499999999999866,7.794228634059947,9.0
0.0007142857142857143,8.839740256778124e-15,4.49999999999992,7.794228634059978,9.0
0.0007428571428571429,-1.8521116263691416e-13,4.499999999999751,7.794228634059881,9.0
0.0007714285714285715,-1.2346668065697037e-13,4.4999999999998055,7.7942286340599125,9.0
0.0008,-6.17221986770266e-14,4.499999999999859,7.794228634059944,9.0
0.0008285714285714286,2.2283302917180876e-17,4.499999999999912,7.794228634059975,9.0
0.0008571428571428571,-1.940286195907751e-13,4.499999999999744,7.794228634059877,9.0
0.0008857142857142857,-1.322841376108313e-13,4.4999999999997975,7.794228634059908,9.0
0.0009142857142857143,-7.053965563088755e-14,4.499999999999851,7.794228634059939,9.0
0.0009428571428571429,-2.6459055852457983e-13,4.499999999999683,7.794228634059842,9.0
0.0009714285714285714,-2.0284607654463605e-13,4.499999999999736,7.794228634059873,9.0
0.001,-1.4110159456469226e-13,4.49999999999979,7.794228634059904,9.0
0.0010285714285714286,-7.935711258474849e-14,4.499999999999844,7.794228634059935,9.0
0.0010571428571428572,-1.7612630604804706e-14,4.499999999999897,7.794228634059966,9.0
0.0010857142857142858,4.413185137513908e-14,4.49999999999995,7.794228634059996,9.0
0.0011142857142857144,-1.499190515185532e-13,4.499999999999782,7.794228634059899,9.0
0.001142857142857143,-8.817456953860943e-14,4.499999999999836,7.79422863405993,9.0
0.0011714285714285715,2.2936529731497044e-13,4.500000000000333,7.794228634059961,9.0
0.0012,-4.76276375325994e-13,4.499999999999721,7.794228634059609,9.0
0.0012285714285714285,-1.5873650847241417e-13,4.4999999999999964,7.794228634059768,9.0
0.001257142857142857,-3.527874113661064e-13,4.499999999999828,7.794228634059669,9.0
0.0012857142857142856,-5.468383142597987e-13,4.499999999999661,7.794228634059572,9.0
0.0013142857142857142,-2.292984474062189e-13,4.499999999999935,7.794228634059731,9.0
0.0013428571428571428,-4.2334935029991117e-13,4.499999999999767,7.7942286340596345,9.0
0.0013714285714285714,-1.0580948344633131e-13,4.500000000000042,7.7942286340597935,9.0
0.0014,-2.998603863400236e-13,4.499999999999874,7.794228634059697,9.0
0.0014285714285714286,1.767948051355625e-14,4.500000000000149,7.794228634059856,9.0
0.0014571428571428572,-1.7637142238013603e-13,4.499999999999981,7.794228634059759,9.0
0.0014857142857142857,-3.704223252738283e-13,4.499999999999813,7.794228634059662,9.0
0.0015142857142857143,-5.288245842024848e-14,4.500000000000088,7.79422863405982,9.0
0.001542857142857143,-2.4693336131394075e-13,4.49999999999992,7.794228634059722,9.0
0.0015714285714285715,7.060650553963908e-14,4.5000000000001945,7.794228634059881,9.0
0.0016,-1.234443973540532e-13,4.500000000000027,7.794228634059785,9.0
0.0016285714285714287,-3.1749530024774546e-13,4.499999999999859,7.794228634059688,9.0
0.0016571428571428572,4.456660583436175e-17,4.500000000000134,7.794228634059847,9.0
0.0016857142857142856,-7.055971060351301e-13,4.499999999999522,7.794228634059493,9.0
0.0017142857142857142,-3.880572391815502e-13,4.4999999999997975,7.794228634059652,9.0
0.0017428571428571428,-5.821081420752426e-13,4.49999999999963,7.7942286340595555,9.0
0.0017714285714285714,-2.645682752216626e-13,4.499999999999905,7.7942286340597144,9.0
0.0018,-4.586191781153549e-13,4.499999999999736,7.794228634059617,9.0
0.0018285714285714285,-1.410793112617751e-13,4.500000000000012,7.794228634059776,9.0
0.0018571428571428571,-3.351302141554673e-13,4.499999999999844,7.794228634059679,9.0
0.0018857142857142857,-5.291811170491597e-13,4.499999999999675,7.794228634059582,9.0
0.0019142857142857143,-2.116412501955798e-13,4.49999999999995,7.79422863405974,9.0
0.0019428571428571429,-4.056921530892721e-13,4.499999999999782,7.794228634059643,9.0
0.0019714285714285715,-8.815228623569225e-14,4.500000000000057,7.794228634059802,9.0
0.002,-2.822031891293845e-13,4.499999999999889,7.794228634059706,9.0
0.0020285714285714286,3.533667772419531e-14,4.500000000000163,7.7942286340598645,9.0
0.002057142857142857,-1.5871422516949698e-13,4.4999999999999964,7.794228634059768,9.0
0.002085714285714286,-3.527651280631893e-13,4.499999999999828,7.794228634059669,9.0
0.0021142857142857144,-3.522526120960941e-14,4.500000000000103,7.794228634059828,9.0
0.002142857142857143,-2.292761641033017e-13,4.499999999999935,7.794228634059731,9.0
0.0021714285714285715,8.826370275027816e-14,4.50000000000021,7.79422863405989,9.0
0.0022,-1.0578720014341414e-13,4.500000000000042,7.7942286340597935,9.0
0.0022285714285714287,-2.998381030371064e-13,4.499999999999874,7.794228634059697,9.0
0.0022571428571428573,1.770176381647343e-14,4.500000000000149,7.794228634059856,9.0
0.002285714285714286,-1.7634913907721887e-13,4.499999999999981,7.794228634059759,9.0
0.0023142857142857145,1.4119072777636099e-13,4.500000000000256,7.794228634059918,9.0
0.002342857142857143,4.587305946299409e-13,4.50000000000053,7.794228634060331,9.0
0.0023714285714285716,2.6467969173624855e-13,4.500000000000362,7.794228634060234,9.0
0.0024,-9.52552750651988e-13,4.499999999999309,7.794228634059626,9.0
0.0024285714285714284,-1.1466036535456803e-12,4.49999999999914,7.794228634059529,9.0
0.002457142857142857,-3.1747301694482835e-13,4.499999999999859,7.794228634059944,9.0
0.0024857142857142855,-5.115239198385206e-13,4.499999999999691,7.794228634059847,9.0
0.002514285714285714,-7.055748227322128e-13,4.499999999999522,7.794228634059749,9.0
0.0025428571428571427,-8.996257256259051e-13,4.499999999999354,7.794228634059652,9.0
0.0025714285714285713,-1.0936766285195975e-12,4.499999999999186,7.7942286340595555,9.0
0.0026,-2.645459919187455e-13,4.499999999999905,7.79422863405997,9.0
0.0026285714285714285,-4.585968948124378e-13,4.499999999999737,7.794228634059873,9.0
0.002657142857142857,-6.5264779770613e-13,4.499999999999568,7.794228634059776,9.0
0.0026857142857142856,-8.466987005998223e-13,4.4999999999994005,7.794228634059679,9.0
0.0027142857142857142,-1.0407496034935145e-12,4.499999999999232,7.794228634059582,9.0
0.002742857142857143,-2.1161896689266261e-13,4.49999999999995,7.794228634059996,9.0
0.0027714285714285714,-4.056698697863549e-13,4.499999999999782,7.794228634059899,9.0
0.0028,-5.997207726800472e-13,4.4999999999996145,7.794228634059802,9.0
0.0028285714285714286,-7.937716755737395e-13,4.499999999999447,7.794228634059706,9.0
0.002857142857142857,3.53589610271125e-14,4.500000000000163,7.79422863406012,9.0
0.0028857142857142857,-1.5869194186657979e-13,4.4999999999999964,7.794228634060023,9.0
0.0029142857142857143,-3.5274284476027207e-13,4.499999999999828,7.794228634059925,9.0
0.002942857142857143,-5.467937476539644e-13,4.499999999999661,7.794228634059828,9.0
0.0029714285714285715,-7.408446505476566e-13,4.499999999999492,7.794228634059731,9.0
0.003,8.828598605319533e-14,4.50000000000021,7.794228634060146,9.0
0.0030285714285714286,-1.0576491684049696e-13,4.500000000000042,7.794228634060049,9.0
0.0030571428571428572,-2.9981581973418927e-13,4.499999999999874,7.7942286340599525,9.0
0.003085714285714286,-4.938667226278815e-13,4.499999999999706,7.794228634059856,9.0
0.0031142857142857144,-6.879176255215738e-13,4.499999999999538,7.794228634059759,9.0
0.003142857142857143,1.4121301107927815e-13,4.500000000000256,7.794228634060172,9.0
0.0031714285714285716,-5.2837891814414117e-14,4.500000000000088,7.794228634060075,9.0
0.0032,-2.468887947081064e-13,4.49999999999992,7.794228634059978,9.0
0.0032285714285714287,-4.409396976017987e-13,4.499999999999751,7.794228634059881,9.0
0.0032571428571428573,-6.349906004954909e-13,4.4999999999995834,7.794228634059785,9.0
0.003285714285714286,1.94140036105361e-13,4.500000000000302,7.794228634060199,9.0
0.0033142857142857145,8.91332116687235e-17,4.500000000000134,7.794228634060103,9.0
0.0033428571428571426,-1.217143309176568e-12,4.49999999999908,7.794228634059493,9.0
0.0033714285714285712,-1.4111942120702603e-12,4.499999999998911,7.7942286340593965,9.0
0.0034,-5.820635754694081e-13,4.49999999999963,7.794228634059811,9.0
0.0034285714285714284,-7.761144783631004e-13,4.499999999999462,7.7942286340597144,9.0
0.003457142857142857,-9.701653812567926e-13,4.499999999999294,7.794228634059618,9.0
0.0034857142857142856,-1.1642162841504851e-12,4.499999999999125,7.79422863405952,9.0
0.003514285714285714,-3.3508564754963304e-13,4.499999999999844,7.794228634059935,9.0
0.0035428571428571427,-5.291365504433252e-13,4.499999999999675,7.794228634059838,9.0
0.0035714285714285713,-7.231874533370176e-13,4.499999999999507,7.79422863405974,9.0
0.0036,-9.172383562307098e-13,4.499999999999339,7.794228634059643,9.0
0.0036285714285714285,-1.1112892591244021e-12,4.499999999999171,7.794228634059547,9.0
0.003657142857142857,-2.821586225235502e-13,4.499999999999889,7.794228634059961,9.0
0.0036857142857142857,-4.762095254172424e-13,4.499999999999721,7.7942286340598645,9.0
0.0037142857142857142,-6.702604283109346e-13,4.499999999999553,7.794228634059768,9.0
0.003742857142857143,-8.643113312046271e-13,4.499999999999385,7.794228634059669,9.0
0.0037714285714285714,-1.0583622340983193e-12,4.4999999999992175,7.794228634059572,9.0
0.0038,-2.2923159749746733e-13,4.499999999999935,7.794228634059987,9.0
0.0038285714285714286,-4.232825003911596e-13,4.499999999999767,7.79422863405989,9.0
0.003857142857142857,-6.173334032848519e-13,4.4999999999995985,7.7942286340597935,9.0
0.0038857142857142857,-8.113843061785442e-13,4.499999999999431,7.794228634059697,9.0
0.003914285714285714,-1.0054352090722365e-12,4.499999999999263,7.7942286340596,9.0
0.003942857142857143,-1.763045724713845e-13,4.499999999999981,7.794228634060015,9.0
0.003971428571428571,-1.3935370148596212e-12,4.499999999998927,7.7942286340594045,9.0
0.004,-5.64406378258769e-13,4.499999999999645,7.79422863405982,9.0
0.004028571428571428,-1.7816388206470056e-12,4.4999999999985905,7.794228634059211,9.0
0.004057142857142857,7.067335544839062e-14,4.5000000000001945,7.794228634060137,9.0
0.004085714285714285,-1.1465590869398458e-12,4.49999999999914,7.794228634059529,9.0
0.004114285714285714,-3.1742845033899396e-13,4.499999999999859,7.794228634059944,9.0
0.004142857142857143,-1.5346608927272305e-12,4.4999999999988045,7.794228634059335,9.0
0.004171428571428572,-7.055302561263786e-13,4.499999999999522,7.794228634059749,9.0
0.0042,-8.995811590200708e-13,4.499999999999354,7.794228634059652,9.0
0.004228571428571429,-7.045052241921882e-14,4.500000000000073,7.794228634060067,9.0
0.004257142857142857,-1.2876829648074554e-12,4.499999999999019,7.794228634059458,9.0
0.004285714285714286,-4.585523282066034e-13,4.499999999999737,7.794228634059873,9.0
0.004314285714285714,-6.526032311002957e-13,4.499999999999568,7.794228634059776,9.0
0.004342857142857143,1.7652740550055631e-13,4.500000000000287,7.7942286340601905,9.0
0.004371428571428571,-1.0407050368876802e-12,4.499999999999233,7.794228634059582,9.0
0.0044,-2.1157440028682828e-13,4.49999999999995,7.794228634059996,9.0
0.004428571428571428,-1.428806842675065e-12,4.499999999998896,7.794228634059388,9.0
0.0044571428571428574,-5.996762060742128e-13,4.4999999999996145,7.794228634059802,9.0
0.004485714285714286,-7.937271089679051e-13,4.499999999999447,7.794228634059706,9.0
0.004514285714285715,3.540352763294686e-14,4.500000000000163,7.79422863406012,9.0
0.004542857142857143,-1.1818289147552896e-12,4.49999999999911,7.794228634059511,9.0
0.004571428571428572,-3.5269827815443773e-13,4.499999999999828,7.794228634059927,9.0
0.0046,-5.4674918104813e-13,4.499999999999661,7.794228634059828,9.0
0.004628571428571429,2.8238145555272197e-13,4.5000000000003775,7.794228634060243,9.0
0.004657142857142857,-9.348509868355146e-13,4.499999999998438,7.7942286340596345,9.0
0.004685714285714286,9.174611892598818e-13,4.500000000000042,7.794228634060561,9.0
0.004714285714285714,-1.322952792622899e-12,4.499999999998102,7.794228634059441,9.0
0.004742857142857143,5.293593834724971e-13,4.499999999999706,7.794228634060367,9.0
0.004771428571428571,-1.7110545984102836e-12,4.499999999997765,7.794228634059247,9.0
0.0048,-1.905105501303976e-12,4.4999999999975975,7.7942286340591505,9.0
0.004828571428571429,-5.2793325208579755e-14,4.4999999999992015,7.794228634060075,9.0
0.004857142857142857,-2.2932073070913606e-12,4.499999999997262,7.794228634058955,9.0
0.004885714285714286,-4.408951309959643e-13,4.499999999998866,7.794228634059881,9.0
0.004914285714285714,-6.349460338896567e-13,4.499999999998698,7.794228634059785,9.0
0.004942857142857143,-8.289969367833489e-13,4.49999999999853,7.794228634059688,9.0
0.004971428571428571,-1.0230478396770412e-12,4.499999999998362,7.794228634059591,9.0
0.005,-1.2170987425707333e-12,4.4999999999981934,7.794228634059493,9.0
0.005028571428571428,-1.4111496454644256e-12,4.499999999998026,7.7942286340593965,9.0
0.005057142857142857,4.411625306309705e-13,4.49999999999963,7.794228634060323,9.0
0.005085714285714285,-1.7992514512518103e-12,4.499999999997689,7.794228634059203,9.0
0.0051142857142857144,5.306072484358592e-14,4.499999999999294,7.794228634060128,9.0
0.005142857142857143,-2.187353257039195e-12,4.499999999997353,7.794228634059008,9.0
0.005171428571428572,-3.3504108094379865e-13,4.499999999998957,7.794228634059935,9.0
0.0052,-5.29091983837491e-13,4.499999999998789,7.794228634059838,9.0
0.005228571428571429,-7.231428867311832e-13,4.4999999999986215,7.79422863405974,9.0
0.005257142857142857,-9.171937896248756e-13,4.499999999998453,7.794228634059643,9.0
0.005285714285714286,-1.1112446925185677e-12,4.499999999998286,7.794228634059547,9.0
0.005314285714285714,-1.30529559541226e-12,4.499999999998117,7.79422863405945,9.0
0.005342857142857143,5.470165806831362e-13,4.499999999999721,7.794228634060376,9.0
0.005371428571428571,-1.6933974011996447e-12,4.49999999999778,7.794228634059256,9.0
0.0054,1.5891477489575162e-13,4.499999999999385,7.794228634060181,9.0
0.0054285714285714284,-2.081499206987029e-12,4.499999999997445,7.794228634059061,9.0
0.0054571428571428575,-2.29187030891633e-13,4.49999999999905,7.794228634059987,9.0
0.005485714285714286,-4.2323793378532523e-13,4.499999999998881,7.79422863405989,9.0
0.005514285714285715,-6.172888366790175e-13,4.499999999998713,7.7942286340597935,9.0
0.005542857142857143,-8.113397395727098e-13,4.499999999998545,7.794228634059697,9.0
0.005571428571428572,-1.005390642466402e-12,4.499999999998376,7.7942286340596,9.0
0.0056,-1.1994415453600944e-12,4.4999999999982085,7.794228634059503,9.0
0.005628571428571429,6.528706307353019e-13,4.4999999999998135,7.794228634060429,9.0
0.005657142857142857,-1.587543351147479e-12,4.499999999997873,7.794228634059308,9.0
0.005685714285714286,2.647688249479173e-13,4.499999999999477,7.794228634060234,9.0
0.005714285714285714,7.0717922054225e-14,4.499999999999309,7.794228634060137,9.0
0.005742857142857142,-2.1696960598285557e-12,4.499999999997368,7.794228634059017,9.0
0.0057714285714285714,-3.1738388373315957e-13,4.499999999998973,7.794228634059944,9.0
0.0058,-2.5577978656159403e-12,4.499999999997033,7.794228634058824,9.0
0.005828571428571429,-7.054856895205441e-13,4.499999999998637,7.794228634059749,9.0
0.005857142857142857,-8.995365924142365e-13,4.499999999998469,7.794228634059652,9.0
0.005885714285714286,-1.0935874953079288e-12,4.4999999999983,7.7942286340595555,9.0
0.005914285714285714,-1.2876383982016211e-12,4.499999999998132,7.794228634059458,9.0
0.005942857142857143,-1.4816893010953133e-12,4.499999999997964,7.794228634059361,9.0
0.005971428571428571,-1.6757402039890056e-12,4.499999999997796,7.794228634059264,9.0
0.006,1.7657197210639065e-13,4.4999999999994005,7.7942286340601905,9.0
0.006028571428571428,-2.06384200977639e-12,4.49999999999746,7.7942286340590705,9.0
0.006057142857142857,-2.1152983368099391e-13,4.499999999999064,7.794228634059996,9.0
0.0060857142857142854,-2.4519438155637743e-12,4.499999999997124,7.794228634058876,9.0
0.0061142857142857145,-5.996316394683785e-13,4.499999999998728,7.794228634059802,9.0
0.006142857142857143,-7.936825423620708e-13,4.49999999999856,7.794228634059706,9.0
0.006171428571428572,-9.87733445255763e-13,4.499999999998392,7.794228634059609,9.0
0.0062,-1.1817843481494553e-12,4.499999999998224,7.794228634059511,9.0
0.006228571428571429,-1.3758352510431477e-12,4.499999999998056,7.794228634059413,9.0
0.006257142857142857,-1.56988615393684e-12,4.499999999997888,7.7942286340593165,9.0
0.006285714285714286,2.824260221585563e-13,4.499999999999492,7.794228634060243,9.0
0.006314285714285714,-1.9579879597242245e-12,4.499999999997552,7.794228634059123,9.0
0.006342857142857143,-1.0567578362882823e-13,4.499999999999156,7.794228634060049,9.0
0.006371428571428571,-2.997266865225205e-13,4.4999999999989875,7.7942286340599525,9.0
0.0064,-4.937775894162128e-13,4.49999999999882,7.794228634059856,9.0
0.0064285714285714285,-6.878284923099051e-13,4.499999999998652,7.794228634059759,9.0
0.0064571428571428575,-8.818793952035974e-13,4.499999999998484,7.794228634059662,9.0
0.006485714285714286,-1.0759302980972897e-12,4.499999999998316,7.7942286340595635,9.0
0.006514285714285715,-1.2699812009909819e-12,4.499999999998147,7.794228634059467,9.0
0.006542857142857143,-1.4640321038846742e-12,4.499999999997979,7.79422863405937,9.0
0.006571428571428572,3.88280072210722e-13,4.4999999999995834,7.794228634060296,9.0
0.0066,-1.852133909672059e-12,4.499999999997644,7.794228634059176,9.0
0.006628571428571429,1.78266423337447e-16,4.499999999999248,7.794228634060103,9.0
0.006657142857142857,-1.9387263647035483e-13,4.49999999999908,7.794228634060005,9.0
0.006685714285714285,-2.434286618353136e-12,4.499999999997139,7.794228634058885,9.0
0.006714285714285714,-5.819744422577393e-13,4.499999999998743,7.794228634059811,9.0
0.0067428571428571425,-2.8223884241405205e-12,4.4999999999968034,7.79422863405869,9.0
0.0067714285714285715,-9.70076248045124e-13,4.4999999999984075,7.794228634059618,9.0
0.0068,-1.1641271509388162e-12,4.49999999999824,7.79422863405952,9.0
0.006828571428571429,-1.3581780538325086e-12,4.499999999998072,7.794228634059423,9.0
0.006857142857142857,-1.5522289567262007e-12,4.499999999997903,7.794228634059326,9.0
0.006885714285714286,-1.746279859619893e-12,4.499999999997735,7.794228634059229,9.0
0.006914285714285714,-1.940330762513585e-12,4.499999999997567,7.794228634059132,9.0
0.006942857142857143,-8.801858641818915e-14,4.499999999999171,7.794228634060058,9.0
0.006971428571428571,-2.3284325683009702e-12,4.4999999999972315,7.794228634058938,9.0
0.007,-4.761203922055737e-13,4.499999999998836,7.7942286340598645,9.0
0.007028571428571428,-6.701712950992661e-13,4.499999999998667,7.794228634059768,9.0
0.007057142857142857,-8.642221979929583e-13,4.499999999998499,7.794228634059671,9.0
0.0070857142857142855,-1.0582731008866504e-12,4.499999999998331,7.794228634059572,9.0
0.0071142857142857145,-1.2523240037803428e-12,4.499999999998163,7.7942286340594755,9.0
0.007142857142857143,-1.4463749066740351e-12,4.499999999997995,7.794228634059379,9.0
0.007171428571428572,-1.6404258095677274e-12,4.499999999997827,7.794228634059282,9.0
0.0072,-1.8344767124614196e-12,4.499999999997659,7.794228634059185,9.0
0.007228571428571429,1.7835463633976513e-14,4.499999999999263,7.7942286340601115,9.0
0.007257142857142857,-2.2225785182488042e-12,4.499999999997323,7.7942286340589915,9.0
0.007285714285714286,-3.702663421534081e-13,4.499999999998927,7.794228634059918,9.0
0.007314285714285714,-5.643172450471004e-13,4.499999999998759,7.79422863405982,9.0
0.007342857142857143,-7.583681479407926e-13,4.4999999999985905,7.794228634059722,9.0
0.007371428571428571,-9.524190508344848e-13,4.499999999998423,7.794228634059626,9.0
0.0074,-1.1464699537281772e-12,4.499999999998255,7.794228634059529,9.0
0.0074285714285714285,-1.3405208566218693e-12,4.499999999998087,7.794228634059432,9.0
0.0074571428571428575,5.117913194735268e-13,4.499999999999691,7.794228634060358,9.0
0.007485714285714286,-1.7286226624092542e-12,4.49999999999775,7.7942286340592375,9.0
0.007514285714285715,1.2368951368614218e-13,4.499999999999354,7.794228634060164,9.0
0.007542857142857143,-2.1167244681966386e-12,4.4999999999974145,7.794228634059044,9.0
0.007571428571428572,-2.644122921012424e-13,4.499999999999019,7.79422863405997,9.0
0.0076,-4.584631949949347e-13,4.499999999998851,7.794228634059873,9.0
0.007628571428571429,-6.525140978886269e-13,4.499999999998683,7.794228634059776,9.0
0.007657142857142857,-8.465650007823192e-13,4.499999999998514,7.794228634059679,9.0
0.007685714285714285,-1.0406159036760116e-12,4.499999999998346,7.794228634059582,9.0
0.007714285714285714,-1.2346668065697039e-12,4.499999999998178,7.794228634059484,9.0
0.0077428571428571425,-1.4287177094633962e-12,4.4999999999980105,7.794228634059388,9.0
0.0077714285714285715,-1.6227686123570884e-12,4.499999999997843,7.794228634059291,9.0
0.0078,-1.8168195152507807e-12,4.499999999997675,7.794228634059194,9.0
0.007828571428571428,-2.010870418144473e-12,4.499999999997506,7.794228634059097,9.0
0.007857142857142858,-1.5855824204907672e-13,4.49999999999911,7.7942286340600235,9.0
0.007885714285714286,-3.52609144942769e-13,4.499999999998942,7.794228634059927,9.0
0.007914285714285714,-2.59302312682555e-12,4.4999999999970015,7.794228634058805,9.0
0.007942857142857142,-2.7870740297192424e-12,4.499999999996834,7.794228634058708,9.0
0.007971428571428572,-9.347618536238458e-13,4.499999999998439,7.7942286340596345,9.0
0.008,-1.128812756517538e-12,4.49999999999827,7.794228634059538,9.0
0.008028571428571428,-1.3228636594112304e-12,4.499999999998102,7.794228634059441,9.0
0.008057142857142856,-3.5632776412940113e-12,4.499999999996161,7.794228634058321,9.0
0.008085714285714286,3.3539761379047355e-13,4.499999999999538,7.7942286340602704,9.0
0.008114285714285715,1.4134671089678124e-13,4.49999999999937,7.794228634060174,9.0
0.008142857142857143,-2.0990672709859998e-12,4.49999999999743,7.794228634059053,9.0
0.00817142857142857,-2.2931181738796917e-12,4.499999999997262,7.794228634058955,9.0
0.0082,-4.408059977842956e-13,4.499999999998866,7.794228634059881,9.0
0.008228571428571429,-6.348569006779879e-13,4.499999999998698,7.794228634059785,9.0
0.008257142857142857,-8.289078035716801e-13,4.49999999999853,7.794228634059688,9.0
0.008285714285714285,-3.069321785454461e-12,4.499999999996589,7.794228634058568,9.0
0.008314285714285715,8.293534696300237e-13,4.499999999999966,7.7942286340605165,9.0
0.008342857142857143,-1.4110605122527571e-12,4.499999999998026,7.7942286340593965,9.0
0.008371428571428571,-1.6051114151464493e-12,4.499999999997858,7.7942286340593,9.0
0.0084,-1.7991623180401416e-12,4.499999999997689,7.794228634059203,9.0
0.00842857142857143,5.3149858055254645e-14,4.499999999999294,7.794228634060128,9.0
0.008457142857142858,-1.4090104483843764e-13,4.499999999999126,7.7942286340600315,9.0
0.008485714285714286,-2.3813150267212184e-12,4.499999999997185,7.7942286340589115,9.0
0.008514285714285714,-2.5753659296149107e-12,4.4999999999970175,7.794228634058815,9.0
0.008542857142857144,-7.230537535195145e-13,4.4999999999986215,7.79422863405974,9.0
0.008571428571428572,-9.171046564132069e-13,4.499999999998453,7.794228634059643,9.0
0.0086,-1.111155559306899e-12,4.499999999998286,7.794228634059547,9.0
0.008628571428571428,-1.3052064622005913e-12,4.499999999998117,7.79422863405945,9.0
0.008657142857142856,-3.545620444083372e-12,4.499999999996177,7.79422863405833,9.0
0.008685714285714286,3.5305481100111263e-13,4.499999999999553,7.794228634060278,9.0
0.008714285714285714,-1.887359170881668e-12,4.499999999997613,7.794228634059159,9.0
0.008742857142857142,-2.0814100737753605e-12,4.499999999997445,7.794228634059061,9.0
0.00877142857142857,-2.275460976669053e-12,4.499999999997277,7.794228634058964,9.0
0.0088,-4.2314880057365655e-13,4.499999999998881,7.79422863405989,9.0
0.008828571428571429,-6.171997034673487e-13,4.499999999998713,7.7942286340597935,9.0
0.008857142857142857,-2.85761368535013e-12,4.499999999996772,7.7942286340586735,9.0
0.008885714285714285,-3.0516645882438217e-12,4.4999999999966045,7.794228634058577,9.0
0.008914285714285715,-1.1993524121484255e-12,4.4999999999982085,7.794228634059503,9.0
0.008942857142857143,-1.3934033150421179e-12,4.499999999998041,7.794228634059406,9.0
0.008971428571428571,-1.5874542179358102e-12,4.499999999997873,7.7942286340593085,9.0
0.009,-1.7815051208295025e-12,4.499999999997705,7.794228634059211,9.0
0.00902857142857143,7.080705526589372e-14,4.499999999999309,7.794228634060137,9.0
0.009057142857142857,-1.2324384762779856e-13,4.49999999999914,7.79422863406004,9.0
0.009085714285714286,-2.363657829510579e-12,4.4999999999972005,7.79422863405892,9.0
0.009114285714285714,-2.5577087324042715e-12,4.499999999997033,7.794228634058824,9.0
0.009142857142857144,-7.053965563088755e-13,4.499999999998637,7.794228634059749,9.0
0.009171428571428572,-8.994474592025678e-13,4.499999999998469,7.794228634059652,9.0
0.0092,-1.09349836209626e-12,4.4999999999983,7.7942286340595555,9.0
0.009228571428571428,-3.3339123439790408e-12,4.49999999999636,7.7942286340584355,9.0
0.009257142857142858,5.647629111054439e-13,4.499999999999737,7.794228634060384,9.0
0.009285714285714286,-1.6756510707773367e-12,4.499999999997796,7.794228634059265,9.0
0.009314285714285714,-1.8697019736710293e-12,4.499999999997629,7.794228634058144,9.0
0.009342857142857142,-4.11011595555381e-12,4.499999999995688,7.794228634057024,9.0
0.009371428571428572,1.8349223785197635e-12,4.500000000000837,7.794228634059996,9.0
0.0094,-4.0549160336301747e-13,4.499999999998896,7.794228634058876,9.0
0.009428571428571429,-2.645905585245798e-12,4.499999999996956,7.794228634057756,9.0
0.009457142857142857,-7.935934091504021e-13,4.49999999999856,7.794228634058682,9.0
0.009485714285714287,1.0587187669449942e-12,4.500000000000165,7.794228634059609,9.0
0.009514285714285715,-1.1816952149377865e-12,4.4999999999982245,7.794228634058489,9.0
0.009542857142857143,-3.422109196820567e-12,4.499999999996284,7.794228634057369,9.0
0.009571428571428571,-1.5697970207251713e-12,4.499999999997888,7.794228634058293,9.0
0.0096,-3.810211002607952e-12,4.499999999995948,7.794228634057173,9.0
0.009628571428571429,-1.957898826512556e-12,4.499999999997552,7.7942286340581,9.0
0.009657142857142857,-1.0558665041715951e-13,4.499999999999156,7.794228634059026,9.0
0.009685714285714285,-2.3460006322999403e-12,4.499999999997216,7.794228634057906,9.0
0.009714285714285713,-4.586414614182721e-12,4.499999999995276,7.794228634056786,9.0
0.009742857142857143,1.3586237198908522e-12,4.500000000000424,7.794228634059759,9.0
0.009771428571428572,-8.817902619919286e-13,4.499999999998484,7.794228634058639,9.0
0.0098,-3.122204243874709e-12,4.499999999996544,7.794228634057518,9.0
0.009828571428571428,-1.2698920677793134e-12,4.499999999998148,7.794228634058444,9.0
0.009857142857142858,5.82420108316083e-13,4.499999999999752,7.79422863405937,9.0
0.009885714285714286,-1.6579938735666978e-12,4.4999999999978115,7.79422863405825,9.0
0.009914285714285714,-3.898407855449478e-12,4.499999999995872,7.79422863405713,9.0
0.009942857142857142,-2.0460956793540823e-12,4.499999999997476,7.794228634058056,9.0
0.009971428571428572,-1.9378350325868614e-13,4.49999999999908,7.794228634058982,9.0
0.01,-2.4341974851414666e-12,4.499999999997139,7.794228634057862,9.0
0.010028571428571428,-5.818853090460707e-13,4.499999999998743,7.794228634058788,9.0
0.010057142857142857,-2.8222992909288512e-12,4.4999999999968034,7.794228634057668,9.0
0.010085714285714286,-9.699871148334552e-13,4.4999999999984075,7.7942286340585945,9.0
0.010114285714285715,8.82325061261941e-13,4.500000000000012,7.79422863405952,9.0
0.010142857142857143,-1.35808892062084e-12,4.499999999998072,7.7942286340584,9.0
0.01017142857142857,-3.5985029025036206e-12,4.499999999996131,7.79422863405728,9.0
0.0102,-1.7461907264082244e-12,4.499999999997735,7.794228634058205,9.0
0.010228571428571429,1.0612144968717184e-13,4.499999999999339,7.794228634059132,9.0
0.010257142857142857,-2.1342925321956086e-12,4.499999999997399,7.794228634058012,9.0
0.010285714285714285,-4.37470651407839e-12,4.499999999995459,7.794228634056892,9.0
0.010314285714285715,1.5703318199951836e-12,4.5000000000006075,7.7942286340598645,9.0
0.010342857142857143,-6.700821618875973e-13,4.499999999998667,7.7942286340587446,9.0
0.010371428571428571,-2.910496143770378e-12,4.499999999996727,7.794228634057625,9.0
0.0104,-1.058183967674982e-12,4.499999999998331,7.794228634058549,9.0
0.01042857142857143,7.941282084204143e-13,4.499999999999935,7.7942286340594755,9.0
0.010457142857142858,-1.4462857734623664e-12,4.499999999997995,7.7942286340583555,9.0
0.010485714285714286,-3.686699755345147e-12,4.499999999996055,7.7942286340572355,9.0
0.010514285714285714,-1.834387579249751e-12,4.499999999997659,7.794228634058162,9.0
0.010542857142857142,-4.0748015611325316e-12,4.499999999995718,7.794228634057042,9.0
0.010571428571428572,-2.2224893850371354e-12,4.499999999997323,7.794228634057968,9.0
0.0106,-3.7017720894173936e-13,4.499999999998927,7.794228634058895,9.0
0.010628571428571428,-2.61059119082452e-12,4.499999999996987,7.794228634057774,9.0
0.010657142857142856,-4.851005172707301e-12,4.499999999995047,7.794228634056654,9.0
0.010685714285714286,1.0940331613662724e-12,4.5000000000001945,7.794228634059626,9.0
0.010714285714285714,-1.1463808205165085e-12,4.499999999998255,7.794228634058506,9.0
0.010742857142857143,-3.3867948023992894e-12,4.499999999996314,7.794228634057386,9.0
0.01077142857142857,-1.534482626303893e-12,4.499999999997919,7.794228634058312,9.0
0.0108,3.1782954979150324e-13,4.499999999999523,7.7942286340592375,9.0
0.010828571428571429,-1.9225844320912774e-12,4.499999999997582,7.7942286340581175,9.0
0.010857142857142857,-4.162998413974058e-12,4.499999999995643,7.7942286340569975,9.0
0.010885714285714285,-2.3106862378786625e-12,4.499999999997247,7.794228634057924,9.0
0.010914285714285715,-4.58374061783266e-13,4.499999999998851,7.79422863405885,9.0
0.010942857142857143,-2.698788043666047e-12,4.499999999996911,7.794228634057729,9.0
0.010971428571428571,-8.464758675706505e-13,4.499999999998515,7.794228634058656,9.0
0.011,-3.0868898494534314e-12,4.499999999996574,7.794228634057536,9.0
0.01102857142857143,-1.234577673358035e-12,4.499999999998178,7.794228634058461,9.0
0.011057142857142857,6.177345027373612e-13,4.499999999999782,7.794228634059388,9.0
0.011085714285714286,-1.6226794791454197e-12,4.499999999997843,7.794228634058268,9.0
0.011114285714285714,-3.8630934610282e-12,4.499999999995902,7.794228634057148,9.0
0.011142857142857144,-2.010781284932804e-12,4.499999999997506,7.794228634058074,9.0
0.011171428571428572,-1.5846910883740798e-13,4.49999999999911,7.794228634059,9.0
0.0112,-2.398883090720189e-12,4.49999999999717,7.794228634057879,9.0
0.011228571428571428,-4.63929707260297e-12,4.49999999999523,7.794228634056759,9.0
0.011257142857142858,1.3057412614706038e-12,4.500000000000378,7.794228634059731,9.0
0.011285714285714286,-9.34672720412177e-13,4.499999999998439,7.794228634058611,9.0
0.011314285714285714,-3.175086702294958e-12,4.499999999996498,7.794228634057491,9.0
0.011342857142857142,-1.3227745261995615e-12,4.499999999998102,7.794228634058418,9.0
0.011371428571428572,5.295376498958346e-13,4.499999999999706,7.794228634059344,9.0
0.0114,-1.7108763319869462e-12,4.499999999997765,7.794228634058224,9.0
0.011428571428571429,1.4143584410845e-13,4.49999999999937,7.7942286340591505,9.0
0.011457142857142857,-2.098978137774331e-12,4.49999999999743,7.79422863405803,9.0
0.011485714285714285,-4.339392119657111e-12,4.49999999999549,7.79422863405691,9.0
0.011514285714285715,-2.4870799435617155e-12,4.499999999997094,7.794228634057835,9.0
0.011542857142857143,-6.347677674663191e-13,4.499999999998698,7.794228634058761,9.0
0.011571428571428571,-2.8751817493491002e-12,4.499999999996757,7.794228634057641,9.0
0.0116,-5.115595731231881e-12,4.4999999999948175,7.794228634056521,9.0
0.011628571428571429,8.294426028416925e-13,4.499999999999966,7.794228634059493,9.0
0.011657142857142857,-1.4109713790410883e-12,4.499999999998026,7.794228634058373,9.0
0.011685714285714285,-3.651385360923869e-12,4.499999999996085,7.794228634057253,9.0
0.011714285714285714,-1.799073184828473e-12,4.499999999997689,7.79422863405818,9.0
0.011742857142857143,5.323899126692337e-14,4.499999999999294,7.794228634059106,9.0
0.011771428571428572,-2.1871749906158576e-12,4.499999999997353,7.794228634057985,9.0
0.0118,-4.4275889724986385e-12,4.4999999999954134,7.794228634056865,9.0
0.011828571428571428,-2.5752767964032423e-12,4.4999999999970175,7.7942286340577915,9.0
0.011857142857142858,-7.229646203078458e-13,4.4999999999986215,7.794228634058717,9.0
0.011885714285714286,-2.9633786021906265e-12,4.499999999996681,7.794228634057597,9.0
0.011914285714285714,-1.1110664260952303e-12,4.499999999998286,7.794228634058523,9.0
0.011942857142857142,-3.3514804079780112e-12,4.499999999996345,7.794228634057403,9.0
0.011971428571428572,-1.499168231882615e-12,4.499999999997949,7.79422863405833,9.0
0.012,3.531439442127813e-13,4.499999999999553,7.794228634059256,9.0
0.012028571428571428,-1.8872700376699997e-12,4.499999999997613,7.794228634058136,9.0
0.012057142857142857,-4.12768401955278e-12,4.499999999995673,7.794228634057015,9.0
0.012085714285714286,-2.275371843457384e-12,4.499999999997277,7.794228634057941,9.0
0.012114285714285715,-4.2305966736198783e-13,4.499999999998881,7.794228634058867,9.0
0.012142857142857143,-2.6634736492447686e-12,4.499999999996941,7.794228634057747,9.0
0.012171428571428571,-4.903887631127549e-12,4.499999999995,7.794228634056627,9.0
0.0122,1.0411507029460238e-12,4.500000000000149,7.7942286340596,9.0
0.012228571428571429,-1.199263278936757e-12,4.4999999999982085,7.79422863405848,9.0
0.012257142857142857,-3.439677260819538e-12,4.499999999996269,7.79422863405736,9.0
0.012285714285714285,-1.5873650847241415e-12,4.499999999997873,7.794228634058285,9.0
0.012314285714285715,2.6494709137125473e-13,4.499999999999477,7.794228634059212,9.0
0.012342857142857143,-1.975466890511526e-12,4.499999999997537,7.794228634058091,9.0
0.012371428571428571,-1.2315471441612984e-13,4.49999999999914,7.794228634059017,9.0
0.0124,-2.3635686962989107e-12,4.4999999999972005,7.794228634057897,9.0
0.012428571428571428,-4.603982678181692e-12,4.499999999995261,7.794228634056777,9.0
0.012457142857142858,-2.7516705020862953e-12,4.499999999996865,7.794228634057703,9.0
0.012485714285714286,-8.99358325990899e-13,4.499999999998469,7.794228634058629,9.0
0.012514285714285714,-3.13977230787368e-12,4.499999999996528,7.794228634057509,9.0
0.012542857142857142,-5.3801862897564605e-12,4.499999999994588,7.794228634056389,9.0
0.012571428571428572,5.648520443171126e-13,4.499999999999737,7.794228634059362,9.0
0.0126,-1.675561937565668e-12,4.499999999997796,7.794228634058242,9.0
0.012628571428571428,-3.915975919448449e-12,4.499999999995857,7.794228634057121,9.0
0.012657142857142856,-2.0636637433530527e-12,4.499999999997461,7.794228634058047,9.0
0.012685714285714286,-2.1135156725765647e-13,4.499999999999065,7.794228634058973,9.0
0.012714285714285714,-2.4517655491404374e-12,4.499999999997124,7.794228634057853,9.0
0.012742857142857143,-5.99453373045041e-13,4.499999999998728,7.794228634058779,9.0
0.01277142857142857,-2.839867354927822e-12,4.499999999996788,7.794228634057659,9.0
0.0128,-9.875551788324256e-13,4.499999999998392,7.794228634058586,9.0
0.012828571428571429,-3.2279691607152063e-12,4.499999999996452,7.794228634057466,9.0
0.012857142857142857,-1.3756569846198101e-12,4.499999999998056,7.794228634058392,9.0
0.012885714285714285,-3.616070966502591e-12,4.499999999996116,7.79422863405727,9.0
0.012914285714285715,-1.7637587904071948e-12,4.49999999999772,7.7942286340581965,9.0
0.012942857142857143,8.855338568820151e-14,4.499999999999324,7.794228634059123,9.0
0.012971428571428571,-2.1518605961945794e-12,4.499999999997384,7.794228634058003,9.0
0.013,-4.39227457807736e-12,4.499999999995444,7.794228634056883,9.0
0.01302857142857143,-2.5399624019819637e-12,4.499999999997048,7.794228634057809,9.0
0.013057142857142857,-6.876502258865676e-13,4.499999999998652,7.794228634058736,9.0
0.013085714285714286,-2.9280642077693484e-12,4.499999999996712,7.794228634057616,9.0
0.013114285714285714,-5.168478189652129e-12,4.499999999994771,7.794228634056495,9.0
0.013142857142857144,7.76560144421444e-13,4.49999999999992,7.794228634059467,9.0
0.013171428571428572,-1.4638538374613368e-12,4.499999999997979,7.794228634058347,9.0
0.0132,-3.704267819344118e-12,4.49999999999604,7.794228634057227,9.0
0.013228571428571428,-1.8519556432487215e-12,4.499999999997644,7.794228634058153,9.0
0.013257142857142858,3.56532846674894e-16,4.499999999999248,7.794228634059079,9.0
0.013285714285714286,-2.2400574490361058e-12,4.499999999997308,7.7942286340579585,9.0
0.013314285714285714,-3.8774527294070967e-13,4.499999999998912,7.794228634058885,9.0
0.013342857142857142,-2.6281592548234904e-12,4.499999999996971,7.794228634057765,9.0
0.01337142857142857,-4.868573236706272e-12,4.4999999999950315,7.794228634056645,9.0
0.0134,-3.016261060610875e-12,4.499999999996636,7.794228634057571,9.0
0.013428571428571429,-1.1639488845154787e-12,4.49999999999824,7.794228634058498,9.0
0.013457142857142857,-3.4043628663982594e-12,4.4999999999963,7.794228634057377,9.0
0.013485714285714285,-5.644776848281041e-12,4.499999999994359,7.794228634056257,9.0
0.013514285714285715,3.002614857925329e-13,4.499999999999507,7.794228634059229,9.0
0.013542857142857143,-1.940152496090248e-12,4.499999999997567,7.794228634058109,9.0
0.013571428571428571,-4.180566477973029e-12,4.499999999995627,7.794228634056989,9.0
0.0136,-2.3282543018776325e-12,4.4999999999972315,7.794228634057915,9.0
0.013628571428571429,-4.759421257822363e-13,4.499999999998836,7.794228634058841,9.0
0.013657142857142857,-2.716356107665017e-12,4.499999999996895,7.794228634057721,9.0
0.013685714285714285,-8.640439315696209e-13,4.499999999998499,7.794228634058648,9.0
0.013714285714285714,-3.1044579134524014e-12,4.499999999996559,7.794228634057527,9.0
0.013742857142857143,-1.2521457373570052e-12,4.499999999998163,7.794228634058452,9.0
0.013771428571428572,-3.492559719239786e-12,4.4999999999962235,7.794228634057332,9.0
0.0138,-1.6402475431443899e-12,4.4999999999978275,7.794228634058259,9.0
0.013828571428571428,-3.88066152502717e-12,4.499999999995887,7.794228634057139,9.0
0.013857142857142858,-2.0283493489317746e-12,4.499999999997491,7.794228634058065,9.0
0.013885714285714286,-1.760371728363783e-13,4.499999999999095,7.7942286340589915,9.0
0.013914285714285714,-2.416451154719159e-12,4.499999999997155,7.7942286340578715,9.0
0.013942857142857142,-4.6568651366019405e-12,4.4999999999952145,7.794228634056751,9.0
0.013971428571428572,-2.8045529605065435e-12,4.4999999999968185,7.794228634057677,9.0
0.014,-9.522407844111475e-13,4.499999999998423,7.7942286340586024,9.0
0.014028571428571428,-3.192654766293928e-12,4.499999999996483,7.7942286340574825,9.0
0.014057142857142857,-1.3403425901985322e-12,4.499999999998087,7.794228634058409,9.0
0.014085714285714286,5.119695858968642e-13,4.499999999999691,7.794228634059335,9.0
0.014114285714285715,-1.7284443959859166e-12,4.499999999997751,7.794228634058214,9.0
0.014142857142857143,-3.9688583778686975e-12,4.4999999999958105,7.794228634057094,9.0
0.014171428571428571,-2.116546201773301e-12,4.4999999999974145,7.794228634058021,9.0
0.0142,-2.6423402567790493e-13,4.499999999999019,7.794228634058947,9.0
0.014228571428571429,-2.5046480075606855e-12,4.499999999997078,7.794228634057827,9.0
0.014257142857142857,-6.523358314652894e-13,4.499999999998683,7.7942286340587525,9.0
0.014285714285714285,-2.8927498133480702e-12,4.499999999996742,7.7942286340576326,9.0
0.014314285714285713,-5.133163795230851e-12,4.499999999994802,7.794228634056513,9.0
0.014342857142857143,-3.280851619135455e-12,4.499999999996406,7.794228634057438,9.0
0.014371428571428571,-1.4285394430400587e-12,4.4999999999980105,7.794228634058364,9.0
0.0144,-3.668953424922839e-12,4.49999999999607,7.794228634057244,9.0
0.014428571428571428,-5.90936740680562e-12,4.49999999999413,7.794228634056124,9.0
0.014457142857142858,3.5670927267953026e-14,4.499999999999279,7.794228634059097,9.0
0.014485714285714286,-2.2047430546148276e-12,4.499999999997338,7.794228634057977,9.0
0.014514285714285714,-4.4451570364976085e-12,4.4999999999953975,7.794228634056857,9.0
0.014542857142857142,-2.5928448604022123e-12,4.4999999999970015,7.794228634057782,9.0
0.014571428571428572,-7.405326843068162e-13,4.4999999999986064,7.794228634058708,9.0
0.0146,-2.980946666189597e-12,4.499999999996666,7.794228634057588,9.0
0.014628571428571428,-1.1286344900942007e-12,4.49999999999827,7.7942286340585145,9.0
0.014657142857142856,-3.3690484719769812e-12,4.49999999999633,7.7942286340573945,9.0
0.014685714285714286,-1.5167362958815852e-12,4.499999999997934,7.794228634058321,9.0
0.014714285714285714,-3.7571502777643655e-12,4.499999999995993,7.794228634057201,9.0
0.014742857142857143,-1.9048381016689697e-12,4.499999999997598,7.794228634058127,9.0
0.01477142857142857,-4.14525208355175e-12,4.499999999995658,7.794228634057006,9.0
0.0148,-2.2929399074563543e-12,4.499999999997262,7.794228634057932,9.0
0.014828571428571429,-4.4062773136095814e-13,4.499999999998866,7.794228634058858,9.0
0.014857142857142857,-2.6810417132437386e-12,4.499999999996925,7.794228634057738,9.0
0.014885714285714285,-4.9214556951265195e-12,4.499999999994985,7.794228634056618,9.0
0.014914285714285715,1.0235826389470536e-12,4.500000000000134,7.794228634059591,9.0
0.014942857142857143,-1.2168313429357273e-12,4.499999999998194,7.79422863405847,9.0
0.014971428571428571,-3.4572453248185083e-12,4.499999999996254,7.79422863405735,9.0
0.015,-1.604933148723112e-12,4.499999999997858,7.7942286340582765,9.0
0.01502857142857143,2.4737902737228437e-13,4.499999999999462,7.794228634059203,9.0
0.015057142857142857,-1.9930349545104964e-12,4.499999999997521,7.794228634058083,9.0
0.015085714285714286,-4.233448936393277e-12,4.499999999995581,7.794228634056963,9.0
0.015114285714285714,-2.381136760297881e-12,4.499999999997185,7.794228634057888,9.0
0.015142857142857144,-5.288245842024848e-13,4.499999999998789,7.794228634058815,9.0
0.015171428571428572,-2.7692385660852657e-12,4.49999999999685,7.794228634057694,9.0
0.0152,-9.169263899898693e-13,4.499999999998453,7.79422863405862,9.0
0.015228571428571428,-3.1573403718726504e-12,4.499999999996513,7.7942286340575,9.0
0.015257142857142858,-1.3050281957772538e-12,4.499999999998117,7.794228634058427,9.0
0.015285714285714286,-3.545442177660035e-12,4.499999999996177,7.794228634057307,9.0
0.015314285714285714,-1.6931300015646385e-12,4.499999999997781,7.794228634058233,9.0
0.015342857142857142,-3.93354398344742e-12,4.499999999995841,7.794228634057113,9.0
0.01537142857142857,-2.081231807352023e-12,4.499999999997445,7.794228634058038,9.0
0.0154,-2.289196312566268e-13,4.49999999999905,7.794228634058964,9.0
0.015428571428571429,-2.4693336131394078e-12,4.499999999997109,7.794228634057844,9.0
0.015457142857142857,-4.709747595022188e-12,4.499999999995169,7.794228634056724,9.0
0.015485714285714285,-2.8574354189267925e-12,4.499999999996773,7.79422863405765,9.0
0.015514285714285715,-1.005123242831396e-12,4.499999999998377,7.794228634058577,9.0
0.015542857142857143,-3.2455372247141767e-12,4.499999999996437,7.794228634057457,9.0
0.015571428571428571,-1.3932250486187805e-12,4.499999999998041,7.794228634058383,9.0
0.0156,-3.6336390305015614e-12,4.499999999996101,7.794228634057262,9.0
0.01562857142857143,-1.781326854406165e-12,4.499999999997705,7.7942286340581886,9.0
0.015657142857142856,-4.021740836288946e-12,4.499999999995764,7.794228634057069,9.0
0.015685714285714285,-2.16942866019355e-12,4.499999999997368,7.794228634057994,9.0
0.015714285714285715,-3.1711648409815345e-13,4.499999999998973,7.79422863405892,9.0
0.015742857142857142,-6.650256623959111e-12,4.499999999993488,7.794228634055754,9.0
0.01577142857142857,-7.05218289885538e-13,4.4999999999986375,7.794228634058726,9.0
0.0158,1.1470938862098583e-12,4.500000000000241,7.794228634059652,9.0
0.015828571428571428,-5.1860462536511e-12,4.499999999994756,7.794228634056486,9.0
0.015857142857142858,7.589920804224737e-13,4.499999999999905,7.794228634059459,9.0
0.015885714285714284,-5.574148059438485e-12,4.49999999999442,7.794228634056292,9.0
0.015914285714285714,-3.721835883343088e-12,4.4999999999960245,7.794228634057218,9.0
0.015942857142857144,-1.8695237072476915e-12,4.499999999997629,7.794228634058144,9.0
0.01597142857142857,-4.109937689130472e-12,4.499999999995689,7.794228634057024,9.0
0.016,-2.257625513035076e-12,4.499999999997292,7.79422863405795,9.0
0.01602857142857143,-4.0531333693968e-13,4.499999999998896,7.794228634058876,9.0
0.016057142857142857,-2.645727318822461e-12,4.499999999996956,7.794228634057756,9.0
0.016085714285714287,-7.934151427270645e-13,4.49999999999856,7.794228634058682,9.0
0.016114285714285713,-7.1265552825880226e-12,4.499999999993076,7.794228634055516,9.0
0.016142857142857143,-1.1815169485144493e-12,4.4999999999982245,7.794228634058489,9.0
0.016171428571428573,6.707952275809471e-13,4.499999999999829,7.794228634059415,9.0
0.0162,-5.66234491228001e-12,4.499999999994344,7.794228634056248,9.0
0.01622857142857143,2.826934217935625e-13,4.499999999999492,7.79422863405922,9.0
0.016257142857142855,-6.050446718067395e-12,4.4999999999940075,7.794228634056053,9.0
0.016285714285714285,-4.1981345419719995e-12,4.499999999995612,7.79422863405698,9.0
0.016314285714285715,-2.345822365876603e-12,4.4999999999972164,7.794228634057906,9.0
0.01634285714285714,-4.586236347759383e-12,4.499999999995276,7.794228634056786,9.0
0.01637142857142857,-2.7339241716639876e-12,4.49999999999688,7.7942286340577125,9.0
0.0164,-8.816119955685912e-13,4.499999999998484,7.794228634058639,9.0
0.016428571428571428,-3.1220259774513722e-12,4.499999999996544,7.794228634057518,9.0
0.016457142857142858,-1.2697138013559758e-12,4.499999999998148,7.794228634058444,9.0
0.016485714285714284,-7.602853941216933e-12,4.499999999992664,7.794228634055278,9.0
0.016514285714285714,-1.6578156071433603e-12,4.4999999999978115,7.79422863405825,9.0
0.016542857142857144,1.944965689520359e-13,4.499999999999416,7.794228634059176,9.0
0.01657142857142857,-6.138643570908922e-12,4.499999999993931,7.79422863405601,9.0
0.0166,-4.286331394813525e-12,4.499999999995536,7.794228634056935,9.0
0.01662857142857143,1.6587069392600474e-12,4.500000000000685,7.794228634059908,9.0
0.016657142857142856,-4.67443320060091e-12,4.499999999995199,7.794228634056742,9.0
0.016685714285714286,-2.8221210245055143e-12,4.4999999999968034,7.794228634057668,9.0
0.016714285714285713,-5.062535006388294e-12,4.499999999994863,7.794228634056548,9.0
0.016742857142857143,-3.2102228302928986e-12,4.499999999996468,7.7942286340574745,9.0
0.016771428571428573,-1.3579106541975024e-12,4.499999999998072,7.7942286340584,9.0
0.0168,-3.5983246360802832e-12,4.499999999996131,7.79422863405728,9.0
0.01682857142857143,-1.746012459984887e-12,4.499999999997735,7.794228634058205,9.0
0.01685714285714286,1.0629971611050929e-13,4.499999999999339,7.794228634059132,9.0
0.016885714285714285,-2.1341142657722717e-12,4.499999999997399,7.794228634058012,9.0
0.016914285714285715,-2.818020896768753e-13,4.4999999999990035,7.794228634058938,9.0
0.01694285714285714,-6.614942229537833e-12,4.499999999993519,7.794228634055772,9.0
0.01697142857142857,-4.762630053442437e-12,4.499999999995123,7.794228634056698,9.0
0.017,1.1824082806311364e-12,4.500000000000272,7.794228634059671,9.0
0.017028571428571428,-5.1507318592298215e-12,4.499999999994786,7.794228634056503,9.0
0.017057142857142858,-3.2984196831344253e-12,4.49999999999639,7.794228634057429,9.0
0.017085714285714287,-1.446107507039029e-12,4.499999999997995,7.7942286340583555,9.0
0.017114285714285714,-3.68652148892181e-12,4.499999999996055,7.7942286340572355,9.0
0.017142857142857144,-1.8342093128264138e-12,4.499999999997659,7.794228634058162,9.0
0.01717142857142857,-4.074623294709195e-12,4.499999999995719,7.794228634057042,9.0
0.0172,-2.222311118613798e-12,4.499999999997323,7.794228634057968,9.0
0.01722857142857143,-3.6999894251840186e-13,4.499999999998927,7.794228634058895,9.0
0.017257142857142856,-2.6104129244011827e-12,4.499999999996987,7.794228634057774,9.0
0.017285714285714286,-7.581007483057865e-13,4.499999999998591,7.7942286340587,9.0
0.017314285714285713,-7.091240888166744e-12,4.499999999993107,7.794228634055533,9.0
0.017342857142857142,-5.238928712071349e-12,4.49999999999471,7.794228634056459,9.0
0.017371428571428572,7.061096220022253e-13,4.499999999999859,7.794228634059432,9.0
0.0174,-5.627030517858733e-12,4.499999999994374,7.794228634056266,9.0
0.01742857142857143,-3.774718341763336e-12,4.499999999995978,7.794228634057191,9.0
0.01745714285714286,-1.92240616566794e-12,4.499999999997583,7.7942286340581175,9.0
0.017485714285714285,-4.162820147550721e-12,4.499999999995643,7.7942286340569975,9.0
0.017514285714285715,-2.3105079714553247e-12,4.499999999997247,7.794228634057924,9.0
0.01754285714285714,-4.550921953338106e-12,4.499999999995306,7.794228634056804,9.0
0.01757142857142857,-2.6986097772427094e-12,4.499999999996911,7.79422863405773,9.0
0.0176,-8.462976011473131e-13,4.499999999998515,7.794228634058657,9.0
0.017628571428571427,-3.0867115830300937e-12,4.499999999996574,7.794228634057536,9.0
0.017657142857142857,-1.2343994069346975e-12,4.499999999998178,7.794228634058461,9.0
0.017685714285714287,6.179127691606985e-13,4.499999999999782,7.794228634059388,9.0
0.017714285714285714,-5.71522737070026e-12,4.499999999994298,7.794228634056221,9.0
0.017742857142857144,2.29810963373314e-13,4.499999999999447,7.794228634059194,9.0
0.01777142857142857,-6.1033291764876435e-12,4.499999999993962,7.794228634056028,9.0
0.0178,-4.251017000392248e-12,4.499999999995566,7.794228634056954,9.0
0.01782857142857143,-2.398704824296851e-12,4.49999999999717,7.79422863405788,9.0
0.017857142857142856,-4.639118806179633e-12,4.49999999999523,7.7942286340567595,9.0
0.017885714285714286,-2.7868066300842357e-12,4.499999999996834,7.794228634057685,9.0
0.017914285714285716,-9.344944539888397e-13,4.499999999998439,7.794228634058611,9.0
0.017942857142857142,-3.1749084358716204e-12,4.499999999996498,7.794228634057491,9.0
0.017971428571428572,-1.3225962597762242e-12,4.499999999998102,7.794228634058418,9.0
0.018,-3.563010241659005e-12,4.499999999996162,7.794228634057298,9.0
0.01802857142857143,-1.7106980655636087e-12,4.499999999997765,7.794228634058224,9.0
0.01805714285714286,1.4161411053178744e-13,4.49999999999937,7.7942286340591505,9.0
0.018085714285714285,-6.191526029329171e-12,4.499999999993886,7.794228634055983,9.0
0.018114285714285715,-2.4648769525559713e-13,4.4999999999990346,7.794228634058956,9.0
0.01814285714285714,-6.579627835116555e-12,4.49999999999355,7.794228634055789,9.0
0.01817142857142857,-4.727315659021158e-12,4.499999999995153,7.794228634056715,9.0
0.0182,-2.8750034829257625e-12,4.499999999996757,7.794228634057641,9.0
0.018228571428571427,-5.115417464808543e-12,4.4999999999948175,7.794228634056521,9.0
0.018257142857142857,-3.263105288713147e-12,4.4999999999964215,7.794228634057447,9.0
0.018285714285714287,-1.410793112617751e-12,4.499999999998026,7.794228634058373,9.0
0.018314285714285714,-3.651207094500531e-12,4.499999999996086,7.794228634057253,9.0
0.018342857142857143,-1.7988949184051356e-12,4.49999999999769,7.79422863405818,9.0
0.01837142857142857,-8.132035058266094e-12,4.499999999992205,7.794228634055013,9.0
0.0184,-2.18699672419252e-12,4.499999999997353,7.794228634057986,9.0
0.01842857142857143,-3.3468454809712375e-13,4.499999999998958,7.7942286340589115,9.0
0.018457142857142856,-6.6678246879580816e-12,4.499999999993474,7.794228634055745,9.0
0.018485714285714286,-7.227863538845083e-13,4.4999999999986215,7.794228634058717,9.0
0.018514285714285716,1.1295258222108879e-12,4.500000000000226,7.794228634059643,9.0
0.018542857142857142,-5.20361431765007e-12,4.499999999994741,7.794228634056477,9.0
0.018571428571428572,-3.3513021415546735e-12,4.499999999996345,7.794228634057403,9.0
0.0186,-5.591716123437455e-12,4.499999999994405,7.794228634056283,9.0
0.01862857142857143,-3.7394039473420585e-12,4.499999999999553,7.79422863405721,9.0
0.018657142857142858,2.205634386731515e-12,4.500000000004702,7.7942286340601825,9.0
0.018685714285714285,-8.22023191110762e-12,4.499999999995673,7.794228634054968,9.0
0.018714285714285715,-2.2751935770340466e-12,4.500000000000822,7.794228634057941,9.0
0.018742857142857144,3.669844757039527e-12,4.50000000000597,7.7942286340609135,9.0
0.01877142857142857,-6.756021540799609e-12,4.499999999996941,7.794228634055701,9.0
0.0188,-8.109832067260349e-13,4.500000000002089,7.7942286340586735,9.0
0.018828571428571427,-3.0513971886088155e-12,4.50000000000015,7.7942286340575535,9.0
0.018857142857142857,-5.291811170491596e-12,4.4999999999982085,7.7942286340564335,9.0
0.018885714285714287,6.532271635819767e-13,4.500000000003357,7.794228634059406,9.0
0.018914285714285713,-1.5871868183008042e-12,4.500000000001417,7.794228634058285,9.0
0.018942857142857143,-3.827600800183585e-12,4.499999999999478,7.794228634057165,9.0
0.018971428571428573,2.1174375338899884e-12,4.500000000004626,7.794228634060138,9.0
0.019,-1.229764479927924e-13,4.500000000002686,7.794228634059017,9.0
0.01902857142857143,-2.363390429875573e-12,4.500000000000745,7.794228634057897,9.0
0.019057142857142856,-4.603804411758354e-12,4.4999999999988045,7.794228634056777,9.0
0.019085714285714286,-6.844218393641134e-12,4.499999999996865,7.794228634055656,9.0
0.019114285714285716,-8.991800595675616e-13,4.5000000000020135,7.794228634058629,9.0
0.019142857142857142,-3.1395940414503426e-12,4.500000000000073,7.794228634057509,9.0
0.019171428571428572,-5.3800080233331235e-12,4.499999999998132,7.794228634056389,9.0
0.0192,-7.620422005215904e-12,4.499999999996192,7.794228634055269,9.0
0.019228571428571428,-1.6753836711423307e-12,4.500000000001341,7.794228634058242,9.0
0.019257142857142858,-3.915797653025112e-12,4.499999999999401,7.794228634057121,9.0
0.019285714285714285,-6.156211634907893e-12,4.499999999997461,7.794228634056001,9.0
0.019314285714285714,-2.1117330083431902e-13,4.500000000002609,7.794228634058973,9.0
0.019342857142857144,-2.4515872827171e-12,4.500000000000669,7.794228634057853,9.0
0.01937142857142857,-4.6920012645998805e-12,4.499999999998728,7.794228634056733,9.0
0.0194,1.2530370694736928e-12,4.500000000003877,7.794228634059706,9.0
0.019428571428571427,-9.172829228365442e-12,4.499999999994849,7.794228634054493,9.0
0.019457142857142857,-3.227790894291869e-12,4.4999999999999964,7.794228634057466,9.0
0.019485714285714287,2.7172474397817043e-12,4.500000000005145,7.794228634060438,9.0
0.019514285714285713,-7.708618858057432e-12,4.499999999996116,7.794228634055225,9.0
0.019542857142857143,-1.7635805239838572e-12,4.500000000001265,7.7942286340581965,9.0
0.019571428571428573,-4.003994505866638e-12,4.499999999999325,7.7942286340570766,9.0
0.0196,-6.244408487749418e-12,4.499999999997384,7.794228634055957,9.0
0.01962857142857143,-2.9937015367584564e-13,4.500000000002533,7.794228634058929,9.0
0.019657142857142856,-2.5397841355586268e-12,4.500000000000592,7.794228634057809,9.0
0.019685714285714286,-4.780198117441408e-12,4.499999999998652,7.794228634056689,9.0
0.019714285714285715,1.164840216632166e-12,4.500000000003801,7.794228634059662,9.0
0.019742857142857142,-9.261026081206969e-12,4.499999999994771,7.794228634054448,9.0
0.019771428571428572,-3.3159877471333957e-12,4.49999999999992,7.794228634057421,9.0
0.0198,2.6290505869401776e-12,4.500000000005069,7.794228634060393,9.0
0.019828571428571428,-7.796815710898956e-12,4.49999999999604,7.79422863405518,9.0
0.019857142857142858,-1.8517773768253838e-12,4.500000000001188,7.794228634058153,9.0
0.019885714285714284,-4.092191358708165e-12,4.499999999999248,7.794228634057033,9.0
0.019914285714285714,-6.3326053405909455e-12,4.499999999997308,7.794228634055912,9.0
0.019942857142857144,-3.8756700651737227e-13,4.500000000002456,7.794228634058885,9.0
0.01997142857142857,-2.627980988400153e-12,4.500000000000515,7.794228634057765,9.0
0.02,-4.868394970282933e-12,4.499999999998575,7.794228634056645,9.0
0.02002857142857143,1.0766433637906395e-12,4.500000000003724,7.794228634059618,9.0
0.020057142857142857,-1.1637706180921414e-12,4.500000000001784,7.794228634058498,9.0
0.020085714285714287,-3.4041845999749224e-12,4.499999999999844,7.794228634057377,9.0
0.020114285714285713,-5.6445985818577025e-12,4.499999999997904,7.794228634056258,9.0
0.020142857142857143,3.004397522158703e-13,4.500000000003053,7.794228634059229,9.0
0.020171428571428573,-1.9399742296669105e-12,4.500000000001112,7.794228634058109,9.0
0.0202,-4.180388211549692e-12,4.499999999999171,7.794228634056989,9.0
0.02022857142857143,1.764650122523882e-12,4.50000000000432,7.794228634059961,9.0
0.020257142857142856,-8.661216175315253e-12,4.499999999995291,7.794228634054749,9.0
0.020285714285714285,-2.71617784124168e-12,4.50000000000044,7.794228634057721,9.0
0.020314285714285715,-4.95659182312446e-12,4.499999999998499,7.794228634056601,9.0
0.02034285714285714,-7.197005805007241e-12,4.499999999996559,7.7942286340554805,9.0
0.02037142857142857,-1.251967470933668e-12,4.500000000001708,7.794228634058452,9.0
0.0204,-3.4923814528164487e-12,4.499999999999767,7.794228634057332,9.0
0.020428571428571428,-5.73279543469923e-12,4.4999999999978275,7.794228634056212,9.0
0.020457142857142858,2.1224289937434368e-13,4.500000000002975,7.794228634059185,9.0
0.020485714285714284,-1.0213623398464792e-11,4.499999999993947,7.794228634053972,9.0
0.020514285714285714,-4.268585064391217e-12,4.499999999999095,7.794228634056945,9.0
0.020542857142857144,1.6764532696823552e-12,4.500000000004244,7.794228634059918,9.0
0.02057142857142857,-8.74941302815678e-12,4.4999999999952145,7.794228634054704,9.0
0.0206,-2.8043746940832065e-12,4.500000000000364,7.794228634057677,9.0
0.02062857142857143,3.140663639990367e-12,4.500000000005512,7.79422863406065,9.0
0.020657142857142857,-7.285202657848767e-12,4.499999999996483,7.794228634055437,9.0
0.020685714285714286,-1.3401643237751946e-12,4.500000000001632,7.794228634058409,9.0
0.020714285714285713,-3.5805783056579755e-12,4.499999999999691,7.794228634057289,9.0
0.020742857142857143,-5.820992287540756e-12,4.499999999997751,7.794228634056168,9.0
0.020771428571428573,1.2404604653281708e-13,4.5000000000029,7.794228634059141,9.0
0.0208,-2.116367935349964e-12,4.500000000000959,7.794228634058021,9.0
0.02082857142857143,-4.356781917232744e-12,4.499999999999019,7.794228634056901,9.0
0.02085714285714286,1.5882564168408287e-12,4.500000000004167,7.794228634059873,9.0
0.020885714285714285,-6.521575650419521e-13,4.5000000000022276,7.794228634058753,9.0
0.020914285714285715,-2.892571546924733e-12,4.500000000000287,7.794228634057633,9.0
0.02094285714285714,-5.132985528807514e-12,4.499999999998347,7.794228634056513,9.0
0.02097142857142857,-7.373399510690294e-12,4.499999999996406,7.794228634055392,9.0
0.021,-1.4283611766167213e-12,4.500000000001554,7.794228634058364,9.0
0.021028571428571428,-3.668775158499502e-12,4.4999999999996145,7.794228634057244,9.0
0.021057142857142858,-5.909189140382283e-12,4.499999999997675,7.794228634056124,9.0
0.021085714285714284,-8.149603122265063e-12,4.499999999995734,7.794228634055004,9.0
0.021114285714285714,-2.2045647881914903e-12,4.500000000000882,7.794228634057977,9.0
0.021142857142857144,-4.444978770074271e-12,4.499999999998942,7.794228634056857,9.0
0.02117142857142857,-6.685392751957052e-12,4.499999999997002,7.794228634055735,9.0
0.0212,-7.403544178834787e-13,4.50000000000215,7.794228634058708,9.0
0.02122857142857143,-2.9807683997662596e-12,4.5000000000002105,7.794228634057588,9.0
0.021257142857142856,-5.22118238164904e-12,4.499999999998271,7.794228634056468,9.0
0.021285714285714286,7.23855952424533e-13,4.5000000000034195,7.794228634059441,9.0
0.021314285714285713,-9.702010345414602e-12,4.49999999999439,7.794228634054228,9.0
0.021342857142857143,-3.7569720113410285e-12,4.499999999999538,7.794228634057201,9.0
0.021371428571428572,2.1880663227325447e-12,4.500000000004687,7.794228634060174,9.0
0.0214,-8.23779997510659e-12,4.499999999995658,7.79422863405496,9.0
0.02142857142857143,-2.292761641033017e-12,4.5000000000008065,7.794228634057933,9.0
0.02145714285714286,-4.533175622915798e-12,4.499999999998866,7.794228634056813,9.0
0.021485714285714285,-6.773589604798579e-12,4.499999999996926,7.794228634055692,9.0
0.021514285714285715,-8.285512707250053e-13,4.500000000002075,7.794228634058665,9.0
0.02154285714285714,-3.068965252607786e-12,4.500000000000134,7.794228634057545,9.0
0.02157142857142857,-5.309379234490567e-12,4.499999999998194,7.794228634056424,9.0
0.0216,6.356590995830065e-13,4.500000000003342,7.7942286340593965,9.0
0.021628571428571428,-1.6047548822997744e-12,4.5000000000014015,7.7942286340582765,9.0
0.021657142857142857,-3.845168864182555e-12,4.499999999999462,7.7942286340571565,9.0
0.021685714285714287,2.099869469891018e-12,4.5000000000046105,7.794228634060129,9.0
0.021714285714285714,-8.325996827948116e-12,4.499999999995581,7.7942286340549165,9.0
0.021742857142857144,-2.3809584938745433e-12,4.50000000000073,7.794228634057889,9.0
0.02177142857142857,-4.621372475757325e-12,4.49999999999879,7.794228634056768,9.0
0.0218,-6.861786457640105e-12,4.49999999999685,7.7942286340556475,9.0
0.02182857142857143,-9.16748123566532e-13,4.500000000001998,7.79422863405862,9.0
0.021857142857142856,-3.1571621054493126e-12,4.500000000000058,7.7942286340575,9.0
0.021885714285714286,-5.397576087332094e-12,4.499999999998117,7.79422863405638,9.0
0.021914285714285716,5.474622467414798e-13,4.500000000003267,7.794228634059353,9.0
0.021942857142857142,-1.692951735141301e-12,4.500000000001326,7.794228634058233,9.0
0.021971428571428572,-3.933365717024082e-12,4.499999999999385,7.794228634057113,9.0
0.022,-6.173779698906863e-12,4.499999999997446,7.794228634055992,9.0
0.02202857142857143,-2.2874136483328937e-13,4.5000000000025935,7.794228634058964,9.0
0.02205714285714286,-2.46915534671607e-12,4.500000000000654,7.794228634057844,9.0
0.022085714285714285,-4.709569328598851e-12,4.499999999998714,7.794228634056724,9.0
0.022114285714285715,1.2354690054747224e-12,4.500000000003862,7.794228634059697,9.0
0.02214285714285714,-9.190397292364413e-12,4.499999999994833,7.794228634054484,9.0
0.02217142857142857,-3.2453589582908394e-12,4.499999999999981,7.794228634057457,9.0
0.0222,-5.48577294017362e-12,4.499999999998041,7.794228634056337,9.0
0.022228571428571427,-7.7261869220564e-12,4.499999999996101,7.794228634055216,9.0
0.022257142857142857,-1.7811485879828274e-12,4.500000000001249,7.7942286340581886,9.0
0.022285714285714287,-4.021562569865608e-12,4.499999999999309,7.794228634057069,9.0
0.022314285714285714,-6.261976551748389e-12,4.499999999997369,7.794228634055948,9.0
0.022342857142857143,-3.1693821767481595e-13,4.500000000002517,7.79422863405892,9.0
0.02237142857142857,-1.0742804515513952e-11,4.499999999993488,7.794228634053708,9.0
0.0224,-4.797766181440378e-12,4.4999999999986375,7.7942286340566795,9.0
0.02242857142857143,1.1472721526331956e-12,4.500000000003786,7.794228634059652,9.0
0.022457142857142856,-9.27859414520594e-12,4.499999999994756,7.7942286340544396,9.0
0.022485714285714286,-3.3335558111323657e-12,4.499999999999905,7.794228634057412,9.0
0.022514285714285716,2.6114825229412076e-12,4.500000000005054,7.794228634060385,9.0
0.022542857142857142,-7.814383774897927e-12,4.4999999999960245,7.794228634055172,9.0
0.022571428571428572,-1.869345440824354e-12,4.500000000001173,7.794228634058144,9.0
0.0226,-4.109759422707135e-12,4.499999999999233,7.794228634057024,9.0
0.02262857142857143,-6.350173404589916e-12,4.499999999997293,7.794228634055903,9.0
0.02265714285714286,-4.051350705163426e-13,4.500000000002441,7.794228634058876,9.0
0.022685714285714285,-2.645549052399123e-12,4.500000000000501,7.794228634057756,9.0
0.022714285714285715,-4.885963034281904e-12,4.49999999999856,7.794228634056636,9.0
0.022742857142857145,1.0590752997916691e-12,4.500000000003709,7.794228634059609,9.0
0.02277142857142857,-1.1813386820911118e-12,4.500000000001768,7.794228634058489,9.0
0.0228,-3.4217526639738924e-12,4.499999999999829,7.794228634057369,9.0
0.022828571428571427,-5.662166645856673e-12,4.499999999997888,7.794228634056248,9.0
0.022857142857142857,2.828716882169e-13,4.500000000003037,7.794228634059221,9.0
0.022885714285714287,-1.957542293665881e-12,4.500000000001097,7.7942286340581,9.0
0.022914285714285713,-4.197956275548662e-12,4.499999999999156,7.79422863405698,9.0
0.022942857142857143,-6.438370257431443e-12,4.4999999999972164,7.79422863405586,9.0
0.02297142857142857,-8.678784239314223e-12,4.499999999995276,7.79422863405474,9.0
0.023,-2.73374590524065e-12,4.5000000000004245,7.7942286340577125,9.0
0.02302857142857143,-4.974159887123431e-12,4.499999999998484,7.7942286340565925,9.0
0.023057142857142856,-7.214573869006211e-12,4.499999999996544,7.794228634055472,9.0
0.023085714285714286,-1.2695355349326383e-12,4.500000000001693,7.794228634058444,9.0
0.023114285714285716,-3.5099495168154187e-12,4.499999999999752,7.7942286340573235,9.0
0.023142857142857142,-5.7503634986982004e-12,4.4999999999978115,7.794228634056204,9.0
0.023171428571428572,1.9467483537537335e-13,4.50000000000296,7.794228634059176,9.0
0.0232,-1.0231191462463761e-11,4.499999999993931,7.7942286340539635,9.0
0.02322857142857143,-4.286153128390188e-12,4.49999999999908,7.794228634056935,9.0
0.023257142857142858,1.658885205683385e-12,4.500000000004229,7.794228634059908,9.0
0.023285714285714285,-8.76698109215575e-12,4.499999999995199,7.794228634054695,9.0
0.023314285714285714,-2.8219427580821765e-12,4.500000000000348,7.794228634057668,9.0
0.023342857142857144,3.1230955759913967e-12,4.500000000005497,7.794228634060641,9.0
0.02337142857142857,-7.302770721847738e-12,4.499999999996468,7.794228634055428,9.0
0.0234,-1.357732387774165e-12,4.500000000001616,7.794228634058401,9.0
0.023428571428571427,-3.598146369656946e-12,4.499999999999676,7.79422863405728,9.0
0.023457142857142857,-5.838560351539726e-12,4.499999999997736,7.794228634056159,9.0
0.023485714285714287,1.0647798253384674e-13,4.500000000002884,7.794228634059132,9.0
0.023514285714285713,-2.1339359993489343e-12,4.500000000000944,7.794228634058012,9.0
0.023542857142857143,-4.374349981231715e-12,4.4999999999990035,7.794228634056892,9.0
0.023571428571428573,1.5706883528418585e-12,4.500000000004153,7.7942286340598645,9.0
0.0236,-8.855177944997277e-12,4.499999999995123,7.794228634054652,9.0
0.02362857142857143,-2.9101396109237033e-12,4.500000000000272,7.794228634057625,9.0
0.023657142857142856,-5.1505535928064845e-12,4.499999999998331,7.794228634056504,9.0
0.023685714285714286,-7.390967574689265e-12,4.499999999996391,7.794228634055384,9.0
0.023714285714285716,-1.4459292406156915e-12,4.50000000000154,7.7942286340583555,9.0
0.023742857142857142,-3.686343222498472e-12,4.499999999999599,7.7942286340572355,9.0
0.023771428571428572,-5.926757204381253e-12,4.49999999999766,7.7942286340561155,9.0
0.0238,1.828112969232013e-14,4.5000000000028075,7.794228634059088,9.0
0.023828571428571428,-2.2221328521904607e-12,4.500000000000867,7.794228634057968,9.0
0.023857142857142858,-4.4625468340732415e-12,4.499999999998927,7.794228634056848,9.0
0.023885714285714284,-6.7029608159560224e-12,4.499999999996987,7.794228634055727,9.0
0.023914285714285714,-7.579224818824489e-13,4.500000000002135,7.7942286340587,9.0
0.023942857142857144,-2.99833646376523e-12,4.500000000000195,7.79422863405758,9.0
0.02397142857142857,-5.23875044564801e-12,4.499999999998255,7.794228634056459,9.0
0.024,7.062878884255626e-13,4.5000000000034035,7.794228634059432,9.0
0.024028571428571427,-9.719578409413573e-12,4.499999999994374,7.794228634054219,9.0
0.024057142857142857,-3.774540075339999e-12,4.499999999999523,7.794228634057191,9.0
0.024085714285714287,-6.014954057222779e-12,4.499999999997583,7.794228634056071,9.0
0.024114285714285713,-8.25536803910556e-12,4.499999999995643,7.794228634054951,9.0
0.024142857142857143,-2.3103297050319874e-12,4.500000000000791,7.794228634057924,9.0
0.024171428571428573,-4.550743686914768e-12,4.499999999998851,7.794228634056804,9.0
0.0242,-6.791157668797549e-12,4.499999999996911,7.794228634055684,9.0
0.02422857142857143,-8.461193347239757e-13,4.50000000000206,7.794228634058657,9.0
0.024257142857142856,-3.0865333166067567e-12,4.500000000000119,7.794228634057536,9.0
0.024285714285714285,-5.326947298489537e-12,4.499999999998178,7.794228634056415,9.0
0.024314285714285715,6.180910355840361e-13,4.500000000003327,7.794228634059388,9.0
0.024342857142857142,-9.807775262255097e-12,4.499999999994298,7.794228634054175,9.0
0.02437142857142857,-3.862736928181526e-12,4.499999999999447,7.794228634057148,9.0
0.0244,2.0823014058920476e-12,4.500000000004595,7.79422863406012,9.0
0.024428571428571428,-8.343564891947088e-12,4.499999999995566,7.794228634054908,9.0
0.024457142857142858,-2.398526557873514e-12,4.500000000000714,7.79422863405788,9.0
0.024485714285714284,-4.638940539756294e-12,4.499999999998774,7.7942286340567595,9.0
0.024514285714285714,-6.879354521639076e-12,4.499999999996834,7.7942286340556395,9.0
0.024542857142857144,-9.343161875655022e-13,4.500000000001982,7.794228634058611,9.0
0.02457142857142857,-3.174730169448283e-12,4.500000000000043,7.794228634057491,9.0
0.0246,-5.4151441513310635e-12,4.499999999998103,7.794228634056371,9.0
0.02462857142857143,5.298941827425095e-13,4.500000000003251,7.794228634059344,9.0
0.024657142857142857,-1.7105197991402715e-12,4.500000000001311,7.794228634058224,9.0
0.024685714285714287,-3.950933781023052e-12,4.49999999999937,7.794228634057104,9.0
0.024714285714285713,-6.191347762905833e-12,4.49999999999743,7.794228634055983,9.0
0.024742857142857143,-2.463094288322597e-13,4.500000000002579,7.794228634058956,9.0
0.024771428571428573,-2.4867234107150404e-12,4.500000000000639,7.794228634057836,9.0
0.0248,-4.727137392597821e-12,4.499999999998698,7.794228634056715,9.0
0.02482857142857143,-6.967551374480602e-12,4.499999999996758,7.794228634055595,9.0
0.024857142857142855,-9.207965356363384e-12,4.4999999999948175,7.794228634054475,9.0
0.024885714285714285,-3.2629270222898098e-12,4.499999999999966,7.794228634057447,9.0
0.024914285714285715,-5.503341004172591e-12,4.4999999999980265,7.794228634056327,9.0
0.02494285714285714,-7.743754986055372e-12,4.499999999996086,7.794228634055207,9.0
0.02497142857142857,-1.798716651981798e-12,4.500000000001234,7.79422863405818,9.0
0.025,-4.039130633864579e-12,4.499999999999294,7.79422863405706,9.0
0.025028571428571428,-6.27954461574736e-12,4.499999999997353,7.79422863405594,9.0
0.025057142857142858,-3.345062816737863e-13,4.500000000002502,7.7942286340589115,9.0
0.025085714285714284,-1.0760372579512921e-11,4.499999999993474,7.794228634053699,9.0
0.025114285714285714,-4.815334245439348e-12,4.4999999999986215,7.794228634056671,9.0
0.025142857142857144,1.1297040886342252e-12,4.50000000000377,7.794228634059643,9.0
0.02517142857142857,-9.296162209204909e-12,4.499999999994741,7.794228634054431,9.0
0.0252,-3.351123875131336e-12,4.49999999999989,7.794228634057403,9.0
0.02522857142857143,2.593914458942237e-12,4.500000000005038,7.794228634060376,9.0
0.025257142857142856,-7.831951838896898e-12,4.499999999996009,7.794228634055163,9.0
0.025285714285714286,-1.8869135048233246e-12,4.500000000001158,7.794228634058136,9.0
0.025314285714285713,-4.1273274867061054e-12,4.4999999999992175,7.794228634057015,9.0
0.025342857142857143,-6.3677414685888855e-12,4.499999999997277,7.794228634055894,9.0
0.025371428571428573,-4.2270313451531293e-13,4.5000000000024265,7.794228634058867,9.0
0.0254,-2.663117116398094e-12,4.500000000000486,7.794228634057747,9.0
0.02542857142857143,-4.903531098280875e-12,4.499999999998545,7.794228634056627,9.0
0.02545714285714286,1.0415072357926987e-12,4.500000000003694,7.7942286340596,9.0
0.025485714285714285,-1.198906746090082e-12,4.500000000001753,7.79422863405848,9.0
0.025514285714285715,-3.439320727972863e-12,4.4999999999998135,7.79422863405736,9.0
0.02554285714285714,-5.679734709855644e-12,4.499999999997873,7.794228634056239,9.0
0.02557142857142857,-7.920148691738426e-12,4.499999999995933,7.794228634055119,9.0
0.0256,-1.9751103576648513e-12,4.500000000001081,7.794228634058092,9.0
0.025628571428571428,-4.2155243395476326e-12,4.499999999999141,7.794228634056972,9.0
0.025657142857142858,-6.455938321430413e-12,4.4999999999972005,7.794228634055851,9.0
0.025685714285714287,-5.108999873568396e-13,4.500000000002349,7.794228634058824,9.0
0.025714285714285714,-2.7513139692396202e-12,4.5000000000004095,7.794228634057703,9.0
0.025742857142857144,-4.991727951122402e-12,4.499999999998469,7.794228634056583,9.0
0.02577142857142857,-7.232141933005182e-12,4.499999999996529,7.794228634055463,9.0
0.0258,-1.2871035989316087e-12,4.500000000001678,7.7942286340584355,9.0
0.02582857142857143,-3.5275175808143896e-12,4.499999999999737,7.7942286340573155,9.0
0.025857142857142856,-5.7679315626971704e-12,4.499999999997796,7.7942286340561955,9.0
0.025885714285714286,1.7710677137640302e-13,4.500000000002945,7.794228634059168,9.0
0.025914285714285713,-1.0248759526462732e-11,4.499999999993916,7.7942286340539555,9.0
0.025942857142857143,-4.303721192389159e-12,4.499999999999065,7.7942286340569265,9.0
0.025971428571428572,1.6413171416844148e-12,4.5000000000042135,7.794228634059899,9.0
0.026,-8.78454915615472e-12,4.499999999995184,7.7942286340546865,9.0
0.02602857142857143,-2.839510822081147e-12,4.500000000000333,7.794228634057659,9.0
0.02605714285714286,-5.0799248039639274e-12,4.499999999998392,7.794228634056539,9.0
0.026085714285714285,-7.320338785846709e-12,4.499999999996453,7.794228634055419,9.0
0.026114285714285715,-1.3753004517731352e-12,4.5000000000016005,7.794228634058392,9.0
0.02614285714285714,-3.615714433655916e-12,4.499999999999661,7.794228634057271,9.0
0.02617142857142857,-5.856128415538697e-12,4.49999999999772,7.794228634056151,9.0
0.0262,8.89099185348764e-14,4.500000000002869,7.794228634059123,9.0
0.026228571428571427,-1.0336956379304258e-11,4.49999999999384,7.79422863405391,9.0
0.026257142857142857,-4.391918045230686e-12,4.499999999998988,7.794228634056883,9.0
0.026285714285714287,1.553120288842888e-12,4.500000000004137,7.794228634059856,9.0
0.026314285714285714,-8.872746008996246e-12,4.499999999995108,7.794228634054643,9.0
0.026342857142857144,-2.9277076749226737e-12,4.500000000000257,7.794228634057616,9.0
0.02637142857142857,-5.1681216568054545e-12,4.499999999998316,7.794228634056495,9.0
0.0264,-7.408535638688235e-12,4.499999999996376,7.794228634055375,9.0
0.02642857142857143,-1.4634973046146617e-12,4.500000000001525,7.7942286340583475,9.0
0.026457142857142856,-3.703911286497443e-12,4.499999999999584,7.7942286340572275,9.0
0.026485714285714286,-5.944325268380224e-12,4.499999999997644,7.794228634056107,9.0
0.026514285714285716,7.13065693349788e-16,4.500000000002792,7.794228634059079,9.0
0.026542857142857142,-2.239700916189431e-12,4.500000000000853,7.7942286340579585,9.0
0.026571428571428572,-4.4801148980722115e-12,4.499999999998912,7.7942286340568385,9.0
0.0266,-6.720528879954993e-12,4.499999999996972,7.7942286340557185,9.0
0.02662857142857143,-7.754905458814193e-13,4.50000000000212,7.794228634058691,9.0
0.02665714285714286,-3.0159045277642e-12,4.500000000000179,7.794228634057571,9.0
0.026685714285714285,-5.256318509646981e-12,4.49999999999824,7.794228634056451,9.0
0.026714285714285715,-7.496732491529762e-12,4.4999999999963,7.794228634055331,9.0
0.02674285714285714,-9.737146473412543e-12,4.499999999994359,7.79422863405421,9.0
0.02677142857142857,-3.792108139338969e-12,4.499999999999508,7.794228634057182,9.0
0.0268,-6.03252212122175e-12,4.499999999997567,7.794228634056062,9.0
0.026828571428571427,-8.272936103104531e-12,4.4999999999956275,7.794228634054942,9.0
0.026857142857142857,-2.3278977690309574e-12,4.500000000000776,7.794228634057915,9.0
0.026885714285714287,-4.568311750913739e-12,4.499999999998836,7.794228634056795,9.0
0.026914285714285714,-6.808725732796519e-12,4.499999999996896,7.794228634055675,9.0
0.026942857142857143,-8.63687398722946e-13,4.500000000002045,7.794228634058648,9.0
0.02697142857142857,-1.1289553696562082e-11,4.499999999993015,7.794228634053434,9.0
0.027,-5.344515362488508e-12,4.499999999998163,7.794228634056407,9.0
0.02702857142857143,6.005229715850658e-13,4.500000000003312,7.794228634059379,9.0
0.027057142857142856,-9.82534332625407e-12,4.499999999994283,7.794228634054166,9.0
0.027085714285714286,-3.880304992180496e-12,4.499999999999432,7.794228634057139,9.0
0.027114285714285716,2.0647333418930776e-12,4.50000000000458,7.7942286340601115,9.0
0.027142857142857142,-8.361132955946057e-12,4.499999999995551,7.794228634054899,9.0
0.027171428571428572,-2.416094621872484e-12,4.5000000000007,7.7942286340578715,9.0
0.0272,-4.656508603755265e-12,4.499999999998759,7.794228634056751,9.0
0.02722857142857143,-6.896922585638046e-12,4.499999999996819,7.794228634055631,9.0
0.027257142857142858,-9.518842515644726e-13,4.500000000001967,7.794228634058603,9.0
0.027285714285714285,-3.192298233447253e-12,4.500000000000027,7.7942286340574825,9.0
0.027314285714285715,-5.432712215330034e-12,4.499999999998087,7.794228634056363,9.0
0.027342857142857144,5.12326118743539e-13,4.500000000003236,7.794228634059335,9.0
0.02737142857142857,-1.7280878631392417e-12,4.500000000001295,7.794228634058214,9.0
0.0274,-3.968501845022022e-12,4.499999999999355,7.794228634057094,9.0
0.027428571428571427,-6.208915826904803e-12,4.499999999997415,7.794228634055974,9.0
0.027457142857142857,-8.449329808787584e-12,4.499999999995475,7.794228634054854,9.0
0.027485714285714287,-2.5042914747140105e-12,4.5000000000006235,7.794228634057827,9.0
0.027514285714285713,-4.744705456596792e-12,4.499999999998683,7.794228634056707,9.0
0.027542857142857143,-6.985119438479572e-12,4.499999999996742,7.794228634055587,9.0
0.027571428571428573,-1.0400811044059991e-12,4.500000000001892,7.79422863405856,9.0
0.0276,-3.2804950862887798e-12,4.499999999999951,7.794228634057438,9.0
0.02762857142857143,-5.520909068171561e-12,4.4999999999980105,7.794228634056318,9.0
0.027657142857142856,-7.76132305005434e-12,4.499999999996071,7.794228634055198,9.0
0.027685714285714286,-1.8162847159807682e-12,4.500000000001219,7.794228634058171,9.0
0.027714285714285716,-4.056698697863549e-12,4.499999999999279,7.794228634057051,9.0
0.027742857142857142,-6.29711267974633e-12,4.499999999997339,7.794228634055931,9.0
0.027771428571428572,-3.520743456727566e-13,4.500000000002487,7.7942286340589035,9.0
0.0278,-1.0777940643511892e-11,4.499999999993459,7.79422863405369,9.0
0.027828571428571428,-4.832902309438318e-12,4.4999999999986064,7.794228634056662,9.0
0.027857142857142858,1.112136024635255e-12,4.500000000003755,7.794228634059635,9.0
0.027885714285714285,-9.313730273203881e-12,4.499999999994726,7.794228634054422,9.0
0.027914285714285714,-3.368691939130307e-12,4.499999999999875,7.7942286340573945,9.0
0.027942857142857144,-5.609105921013087e-12,4.499999999997934,7.7942286340562745,9.0
0.02797142857142857,-7.849519902895869e-12,4.499999999995994,7.7942286340551545,9.0
0.028,-1.904481568822295e-12,4.500000000001143,7.794228634058127,9.0
0.028028571428571427,-4.144895550705076e-12,4.499999999999202,7.794228634057006,9.0
0.028057142857142857,-6.385309532587856e-12,4.499999999997263,7.794228634055886,9.0
0.028085714285714287,-4.402711985142833e-13,4.500000000002411,7.794228634058859,9.0
0.028114285714285713,-2.6806851803970643e-12,4.500000000000471,7.794228634057739,9.0
0.028142857142857143,-4.921099162279845e-12,4.49999999999853,7.794228634056618,9.0
0.028171428571428573,1.0239391717937285e-12,4.500000000003679,7.794228634059591,9.0
0.0282,-9.401927126045407e-12,4.49999999999465,7.794228634054377,9.0
0.02822857142857143,-3.4568887919718332e-12,4.499999999999798,7.79422863405735,9.0
0.028257142857142856,-5.697302773854614e-12,4.499999999997858,7.79422863405623,9.0
0.028285714285714286,-7.937716755737395e-12,4.499999999995918,7.79422863405511,9.0
0.028314285714285715,-1.9926784216638213e-12,4.500000000001066,7.794228634058083,9.0
0.028342857142857142,-4.233092403546602e-12,4.499999999999126,7.794228634056963,9.0
0.028371428571428572,-6.4735063854293834e-12,4.499999999997185,7.794228634055843,9.0
0.0284,-5.284680513558099e-13,4.500000000002334,7.794228634058815,9.0
0.028428571428571428,-2.768882033238591e-12,4.5000000000003935,7.794228634057694,9.0
0.028457142857142858,-5.009296015121371e-12,4.499999999998454,7.794228634056574,9.0
0.028485714285714284,-7.249709997004153e-12,4.499999999996513,7.794228634055454,9.0
0.028514285714285714,-1.3046716629305789e-12,4.500000000001662,7.794228634058427,9.0
0.028542857142857144,-3.54508564481336e-12,4.499999999999722,7.794228634057307,9.0
